{"mmd": [0.4007675349712372, 0.035612788051366806, 0.08127773553133011, 0.10446006059646606, 0.18346410989761353], "wasserstein": [0.6457842621919188, 0.3990295525622469, 0.6276881086580501, 0.18284513445700945, 0.3505233313792235], "energy": [0.22022415166061374, 0.1953672467350775, 0.2367393373855031, 0.07029179241134761, 0.12783713425322152], "r2": [], "weighted_wasserstein": [0.6987834885855868, 0.3828691166470976, 0.5654453365550548, 0.2875204548318949, 0.5272859926121799]}