{"mmd": [0.27094677090644836, 0.03668363392353058, 0.025565801188349724, 0.05730040743947029, 0.200517937541008], "wasserstein": [0.5719583932076773, 0.3580536687986474, 0.4659438705910233, 0.3158628241573853, 0.6369827057200761], "energy": [0.11874119591882043, 0.173429393420253, 0.2010105493652538, 0.08455360751213163, 0.13985623699348787], "r2": [], "weighted_wasserstein": [0.83341006387274, 0.3396890606313146, 0.4919632736894893, 0.5355306186611959, 0.6944820180275073]}