{"mmd": [0.03805951401591301, 0.015352167189121246, 0.050078291445970535, 0.32933667302131653], "wasserstein": [0.3747422970111452, 0.14872249992010728, 0.3854313996516142, 0.7948333279098274], "energy": [0.17900584186032828, 0.047450863876724786, 0.18173051457967518, 0.213503882767706], "r2": [0.2774313688278198, -0.03953051567077637, -0.7176401615142822, -9.94933795928955], "weighted_wasserstein": [0.4370511589286678, 0.3246711831834488, 0.40484508878655834, 0.8168054955645754]}