{"mmd": [0.3454411029815674, 0.03834854066371918, 0.029879197478294373, 0.0371246300637722, 0.2644596993923187], "wasserstein": [0.4573324071564543, 0.3665666844590548, 0.49113457390536885, 0.17535727025959857, 0.6627344882598081], "energy": [0.11614096383369546, 0.1773670684346371, 0.22133428606600727, 0.05945596959127163, 0.1791332782332901], "r2": [], "weighted_wasserstein": [0.5937634473839949, 0.3781745477848727, 0.5154747992003033, 0.23153077117690588, 0.6344866940930248]}