{"mmd": [0.03945591300725937, 0.01093758549541235, 0.042650628834962845, 0.325496643781662], "wasserstein": [0.38697762918933387, 0.14301662910669843, 0.388509001590131, 0.7909395556475793], "energy": [0.18550341398899955, 0.05401348470830748, 0.18310386126088252, 0.21017159632528526], "r2": [0.280750572681427, 0.028933465480804443, -0.6121654510498047, -9.635028839111328], "weighted_wasserstein": [0.44690046644820064, 0.30738217650841, 0.4063992443092649, 0.811429883807376]}