{"mmd": [0.38944220542907715, 0.03946775197982788, 0.037356749176979065, 0.030887721106410027, 0.3204469382762909], "wasserstein": [0.42465507159628824, 0.35522771857642144, 0.44964289635550503, 0.11790149827408111, 0.6991647363264608], "energy": [0.11815291393702475, 0.1744920494289725, 0.21433826126794348, 0.05817745066208664, 0.19926368861270355], "r2": [], "weighted_wasserstein": [0.5467472523237252, 0.34928102649165865, 0.4803440487974023, 0.13714372004674563, 0.6967882138249292]}