{"mmd": [0.039489276707172394, 0.010784761048853397, 0.04062202200293541, 0.3290618360042572], "wasserstein": [0.37239589033372994, 0.1292819806742785, 0.38257609171971585, 0.7991179703565511], "energy": [0.18078833137067318, 0.05256722834177856, 0.1813888824558033, 0.2233527636849376], "r2": [0.27526479959487915, 0.048517704010009766, -0.5879687070846558, -8.576925277709961], "weighted_wasserstein": [0.4399724996426212, 0.2994833818804908, 0.3999824795321679, 0.8137449254731157]}