{"mmd": [0.3090392053127289, 0.03603474795818329, 0.028592148795723915, 0.05741291120648384, 0.2507767975330353], "wasserstein": [0.4365112488250555, 0.345799826061024, 0.44237033349300564, 0.19434143528126996, 0.5980359075537461], "energy": [0.11430850919300344, 0.17005193988929876, 0.20196130479509153, 0.061330737287118575, 0.16553578300294475], "r2": [], "weighted_wasserstein": [0.5634042021800172, 0.34119394451306534, 0.4983080516155206, 0.19889580785407385, 0.6299994162300016]}