{"mmd": [0.03737269341945648, 0.011332849971950054, 0.046018313616514206, 0.3289277255535126], "wasserstein": [0.3634589312663963, 0.1407676068659791, 0.3833169910368327, 0.7153715218386091], "energy": [0.17642394499913752, 0.051411056372898084, 0.18255185071391986, 0.1909181759427312], "r2": [0.2764313817024231, 0.043725788593292236, -0.6595256328582764, -8.575638771057129], "weighted_wasserstein": [0.4321583852156059, 0.31163390422956583, 0.40391032370633756, 0.7368243561239696]}