{"mmd": [0.4180567264556885, 0.031444888561964035, 0.044620972126722336, 0.16440697014331818, 0.30804911255836487], "wasserstein": [0.7925288729200629, 0.38372486932557487, 0.4811885933539276, 0.26417096975909404, 0.895382545226026], "energy": [0.17312662497808695, 0.1924261483579483, 0.1920779197405564, 0.08065438297704723, 0.18912444955110205], "r2": [], "weighted_wasserstein": [0.9239473144619011, 0.38907814969994403, 0.48056370393813863, 0.36498653098248945, 0.8741736107388713]}