{"mmd": [0.03091028332710266, 0.010993213392794132, 0.05383041128516197, 0.32644546031951904], "wasserstein": [0.37064843714231716, 0.12540823878763635, 0.4012713077373006, 0.6721824810583444], "energy": [0.18866856498176116, 0.05444005063268751, 0.1875922758142046, 0.18066120163492833], "r2": [0.2101314663887024, 0.04183429479598999, -0.8040739297866821, -7.586584091186523], "weighted_wasserstein": [0.444836213370778, 0.2977390828408491, 0.42641290321119696, 0.691992743777088]}