{"mmd": [0.3434010446071625, 0.03770436346530914, 0.02749965526163578, 0.03507884219288826, 0.27874451875686646], "wasserstein": [0.4844966505526577, 0.35967638413607483, 0.4448142000804931, 0.13478186684503535, 0.6390356498785367], "energy": [0.12623680708496585, 0.17299946047320794, 0.21087584160178682, 0.05050122203954448, 0.17068539359717744], "r2": [], "weighted_wasserstein": [0.5911881132563671, 0.3625836663355366, 0.4881212494717462, 0.16384442057522647, 0.6384073115564165]}