{"mmd": [0.039183784276247025, 0.012917536310851574, 0.039346080273389816, 0.32854726910591125], "wasserstein": [0.37911263527135797, 0.13677304059854076, 0.3642910718029816, 0.6784100575560642], "energy": [0.18018029247054101, 0.05037797856058881, 0.17759939563650087, 0.17357626245743604], "r2": [0.28090715408325195, 0.002942204475402832, -0.5592565536499023, -8.558156967163086], "weighted_wasserstein": [0.4396316517575802, 0.3169854085164563, 0.38582689477875043, 0.703981244023905]}