{"mmd": [0.3216286897659302, 0.03354443237185478, 0.03055701218545437, 0.035491347312927246, 0.22700969874858856], "wasserstein": [0.6091802666779553, 0.3598369925201544, 0.4767362424943791, 0.21911128176634553, 0.7235312079128899], "energy": [0.12671596878825375, 0.17731064155306786, 0.2043560164550547, 0.05716937573821067, 0.16618500191231503], "r2": [], "weighted_wasserstein": [0.6996396101428575, 0.36188783191827195, 0.49248622876908416, 0.2202252282519828, 0.6906420808368142]}