{"mmd": [0.03326321020722389, 0.012195035815238953, 0.04734399914741516, 0.3255942761898041], "wasserstein": [0.37401104846036093, 0.13965209183543084, 0.3943803552019189, 0.7954397538592414], "energy": [0.18110616134392582, 0.05043029514554903, 0.18559735436484187, 0.21428807520170745], "r2": [0.24914443492889404, 0.02580469846725464, -0.6980440616607666, -9.942026138305664], "weighted_wasserstein": [0.4383111680358551, 0.3110386921068005, 0.4130523002766157, 0.821411304258171]}