{"mmd": [0.40336933732032776, 0.03867483139038086, 0.032792191952466965, 0.015330682508647442, 0.3074924647808075], "wasserstein": [0.585021102601681, 0.3594391275449199, 0.4568520298616238, 0.10744748118207798, 0.7675343255543612], "energy": [0.143085205135781, 0.17439609779464535, 0.21422956927446496, 0.050011970609638946, 0.19316910402764711], "r2": [], "weighted_wasserstein": [0.6623705611007757, 0.3636933523481324, 0.47227037015199264, 0.15842762275071864, 0.700658138498906]}