{"mmd": [0.03958916664123535, 0.010814082808792591, 0.04001671075820923, 0.32476910948753357], "wasserstein": [0.3778582590756096, 0.13389735041843528, 0.37811755397267266, 0.7798199457438026], "energy": [0.18135005272326804, 0.049969459323562955, 0.18033596815046843, 0.19491403482638958], "r2": [0.28061574697494507, 0.01688772439956665, -0.6000399589538574, -10.92495346069336], "weighted_wasserstein": [0.43903723170622666, 0.3054580118331748, 0.3961633546187594, 0.8047681133801979]}