{"mmd": [0.3210625946521759, 0.039021220058202744, 0.029724249616265297, 0.047256436198949814, 0.25136706233024597], "wasserstein": [0.46272833982238837, 0.3708419327963608, 0.49599585405347535, 0.1937108229032141, 0.6327088101181568], "energy": [0.11692680163485505, 0.17374089677981133, 0.21756331311802396, 0.06379515147406986, 0.17188424820039358], "r2": [], "weighted_wasserstein": [0.5926429862860363, 0.3671794254146249, 0.5097090915053539, 0.225459937512409, 0.5995698733372861]}