{"mmd": [0.04019374027848244, 0.013195325620472431, 0.04381575062870979, 0.3272344768047333], "wasserstein": [0.38664769205188115, 0.15142343673379774, 0.3819811930296355, 0.7026424551918634], "energy": [0.18011594677452844, 0.05177095351836555, 0.18169939792294848, 0.18172675827828483], "r2": [0.2855483293533325, -0.006432652473449707, -0.6343624591827393, -8.814678192138672], "weighted_wasserstein": [0.44192733064604134, 0.3179294174569715, 0.40111211305484507, 0.7314746506436974]}