{"mmd": [0.3762989938259125, 0.038235511630773544, 0.0278227087110281, 0.017427489161491394, 0.2947247326374054], "wasserstein": [0.49045227689011023, 0.3719467261544194, 0.4598846366051298, 0.11674245624747295, 0.7314998692672735], "energy": [0.12573969796487208, 0.1752064806929953, 0.21594562247285315, 0.04005825942925009, 0.20857654718636043], "r2": [], "weighted_wasserstein": [0.544245868301252, 0.3563688040947587, 0.4807740395102891, 0.22553321057535305, 0.6529104266519019]}