{"mmd": [0.040911510586738586, 0.015050363726913929, 0.03982515260577202, 0.33023354411125183], "wasserstein": [0.38942800597455857, 0.13258938983051752, 0.37955866446108816, 0.7802537535474441], "energy": [0.18064588855570585, 0.05094159348463994, 0.18046115019262735, 0.21816382272567703], "r2": [0.28743547201156616, -0.025707721710205078, -0.6007040739059448, -8.977388381958008], "weighted_wasserstein": [0.4393008930108569, 0.3146764312821915, 0.398123591840305, 0.8018084488276835]}