{"mmd": [0.34822914004325867, 0.03303361311554909, 0.0939294621348381, 0.07571334391832352, 0.12470433861017227], "wasserstein": [0.6353515200019615, 0.39216315268697605, 0.6409653158225376, 0.1622927597313197, 0.31716185026245564], "energy": [0.22730285343748832, 0.19650529826142374, 0.24163480396465428, 0.06119321610327324, 0.11746768588555882], "r2": [], "weighted_wasserstein": [0.7231021254812415, 0.3857701113841253, 0.551026461766924, 0.24669547827859398, 0.5048220246215486]}