{"mmd": [0.3893454074859619, 0.03657368943095207, 0.035562664270401, 0.015796752646565437, 0.2988775968551636], "wasserstein": [0.5554992604741072, 0.3512607700514879, 0.46030636057084645, 0.1313408879834148, 0.7342964941461125], "energy": [0.13389964368662347, 0.17095801675239972, 0.21772413583226663, 0.040428227197623165, 0.19244899187655176], "r2": [], "weighted_wasserstein": [0.677426559918042, 0.34751421880415456, 0.4905835572314438, 0.28814163739302756, 0.6750129148074427]}