{"mmd": [0.037549782544374466, 0.013617854565382004, 0.04170176386833191, 0.32630759477615356], "wasserstein": [0.36775539831109977, 0.13095990932002027, 0.37948914044936155, 0.7582059340896983], "energy": [0.1772902138833298, 0.04891814971412587, 0.18016866385462005, 0.20300529753230043], "r2": [0.2645459771156311, -0.0042040348052978516, -0.6155967712402344, -9.411233901977539], "weighted_wasserstein": [0.4304017213839509, 0.30644858725876445, 0.39921821785207473, 0.7781475902487449]}