{"mmd": [0.38921526074409485, 0.03527377173304558, 0.03290558233857155, 0.01783146895468235, 0.3112112581729889], "wasserstein": [0.4625100535943037, 0.37093147588503333, 0.4656519965443136, 0.10919399487617001, 0.7081308227754299], "energy": [0.12509428476522147, 0.184167755174609, 0.21402967266865922, 0.0470636208785877, 0.19830312354400628], "r2": [], "weighted_wasserstein": [0.5479616837470571, 0.37610576057003864, 0.49615401788735874, 0.19913761149920756, 0.6227031853722703]}