{"mmd": [0.0360586941242218, 0.011852536350488663, 0.044001441448926926, 0.32798662781715393], "wasserstein": [0.3894934514831256, 0.1330282527623281, 0.387576743923623, 0.7276728699869538], "energy": [0.18997226978882426, 0.05209000980881491, 0.18337077782430822, 0.2067944107504993], "r2": [0.25793135166168213, 0.02658522129058838, -0.6464227437973022, -8.047203063964844], "weighted_wasserstein": [0.44783895377296523, 0.30697088698154046, 0.40504693999263724, 0.7493065964705558]}