{"mmd": [0.36686089634895325, 0.03621223568916321, 0.030216649174690247, 0.022613687440752983, 0.286744624376297], "wasserstein": [0.4968626771167407, 0.3512429091033525, 0.43834215681084204, 0.11731288134444623, 0.6868364520483332], "energy": [0.12646361638909126, 0.1690701397793085, 0.1996523573016352, 0.040348864632502444, 0.1933219200684834], "r2": [], "weighted_wasserstein": [0.6033312001070666, 0.342534136175317, 0.42694597451567184, 0.17345841731181805, 0.6111455051545273]}