{"mmd": [0.03761003166437149, 0.012209552340209484, 0.045885562896728516, 0.32426998019218445], "wasserstein": [0.36685579137599, 0.1089300204475002, 0.38471829550290254, 0.7414427502689578], "energy": [0.17529949642283618, 0.04206059505139752, 0.1804765832740564, 0.20230444606440426], "r2": [0.26888537406921387, 0.004441320896148682, -0.6632788181304932, -8.750736236572266], "weighted_wasserstein": [0.4241529980805508, 0.28754611990490686, 0.40348334009441855, 0.7631643862320412]}