{"mmd": [0.3905998170375824, 0.03341306373476982, 0.031579382717609406, 0.015708135440945625, 0.31376925110816956], "wasserstein": [0.4585264321386001, 0.3524113414660759, 0.4527904692450807, 0.11040206765296291, 0.6940290888752935], "energy": [0.12485253431046543, 0.17436274568750187, 0.21157837306129973, 0.04532051479854246, 0.19742091092567773], "r2": [], "weighted_wasserstein": [0.5404197581341905, 0.37106230807025153, 0.5011115338221462, 0.14449154554181698, 0.6673277991354131]}