{"mmd": [0.03471460938453674, 0.010540553368628025, 0.043544042855501175, 0.3272407054901123], "wasserstein": [0.3721806155037491, 0.13474243329967212, 0.3887252719024758, 0.7223774490000844], "energy": [0.18199132898980466, 0.05092620462410948, 0.18335539880161666, 0.20609701665753458], "r2": [0.2470930814743042, 0.06452292203903198, -0.6302824020385742, -7.930812835693359], "weighted_wasserstein": [0.43252636930044913, 0.2909766127629325, 0.4077347794609182, 0.7473545802356188]}