{"mmd": [0.3645189702510834, 0.05264720693230629, 0.05603727325797081, 0.20463798940181732, 0.25326845049858093], "wasserstein": [1.5280725084433204, 0.42649349036288714, 0.5613009091191643, 0.31574915821740335, 1.5114417138234757], "energy": [0.25127130876894116, 0.18760065547013619, 0.2045828196869788, 0.08762956127181093, 0.24035743522461134], "r2": [], "weighted_wasserstein": [1.8154649655941553, 0.3640299697008253, 0.662050718255756, 0.4099777632325865, 1.6252526715312636]}