{"mmd": [0.052998434752225876, 0.014791528694331646, 0.04441569373011589, 0.317759245634079], "wasserstein": [0.39536891061021473, 0.16050571590139914, 0.3737863336364121, 0.8315786211523846], "energy": [0.1774931118675353, 0.05740511728891124, 0.1788684151885764, 0.2003313790918248], "r2": [0.3359993100166321, 0.02677464485168457, -0.6133040189743042, -12.45768928527832], "weighted_wasserstein": [0.44082666345495564, 0.30851017556138155, 0.38951408761213346, 0.8514931982543911]}