{"mmd": [0.33577775955200195, 0.05132858082652092, 0.055942606180906296, 0.1194436326622963, 0.13995684683322906], "wasserstein": [0.6256087518321632, 0.4276112228427205, 0.5735071618385248, 0.22896652904990458, 0.32087267944227627], "energy": [0.2074620761874558, 0.1902359807454772, 0.2101147088285169, 0.07342167566059986, 0.104239486839804], "r2": [], "weighted_wasserstein": [0.7614178284891575, 0.3853465132294742, 0.597363987475095, 0.3115846048872462, 0.5535548246003077]}