{"mmd": [0.05228593945503235, 0.013386319391429424, 0.08432170003652573, 0.03539464995265007], "wasserstein": [0.4058284783406239, 0.12913743813653938, 0.37840908005149304, 0.20524011032568093], "energy": [0.18622856254134854, 0.04793090442693832, 0.17648194670418668, 0.11799646519287145], "r2": [0.33161866664886475, -0.0585705041885376, -1.1308183670043945, -0.4013749361038208], "weighted_wasserstein": [0.464935935224964, 0.3105871376912983, 0.4007748080628397, 0.21984228567012823]}