{"mmd": [0.3320009708404541, 0.044099628925323486, 0.036200348287820816, 0.0604020394384861, 0.24243591725826263], "wasserstein": [0.5270476988128012, 0.3870589144575414, 0.4833022567932136, 0.13587301765855916, 0.7510211584940154], "energy": [0.13193931017040206, 0.18476347415816669, 0.2207490182229623, 0.05182047072329283, 0.20484703693599962], "r2": [], "weighted_wasserstein": [0.6119847219622505, 0.37200262680007495, 0.5139298595619871, 0.2659453496077118, 0.651050000652688]}