{"mmd": [0.044807951897382736, 0.012892973609268665, 0.09417424350976944, 0.3181450068950653], "wasserstein": [0.40593284571536953, 0.12791699497860137, 0.4581651774919465, 0.72060726485628], "energy": [0.19124323417427197, 0.052868561274791254, 0.19278938144332863, 0.19881685933133705], "r2": [0.31335312128067017, -0.0013216733932495117, -1.4657175540924072, -8.130531311035156], "weighted_wasserstein": [0.46055838094341045, 0.3036185878272141, 0.48442841156566196, 0.7420987619031025]}