{"mmd": [0.3278326094150543, 0.03971723094582558, 0.03543633222579956, 0.03297298029065132, 0.2680220305919647], "wasserstein": [0.46339665344799597, 0.36371436400253054, 0.4581971891124929, 0.11039115756120974, 0.6954334082063064], "energy": [0.12008136920125523, 0.17758399573776568, 0.2102648745505319, 0.03791920452950982, 0.20100960134025353], "r2": [], "weighted_wasserstein": [0.5876910039449151, 0.35078957191124066, 0.4756887970398193, 0.1515025692463949, 0.6862596190153438]}