{"mmd": [0.04159052297472954, 0.013715102337300777, 0.05220617726445198, 0.3254600763320923], "wasserstein": [0.38245334181447643, 0.132426367169077, 0.3889387856986798, 0.7390229958012184], "energy": [0.1833656421573168, 0.055003550524646574, 0.18332473719817272, 0.20067054640650378], "r2": [0.26948243379592896, 0.030067026615142822, -0.748935341835022, -8.703194618225098], "weighted_wasserstein": [0.4372959728442949, 0.30073857433567014, 0.411796414822554, 0.7595892888267286]}