{"mmd": [0.32531628012657166, 0.0355086550116539, 0.02754472754895687, 0.03258325159549713, 0.23925544321537018], "wasserstein": [0.6513431989206315, 0.354126956397549, 0.4710260690221513, 0.24828793675321337, 0.7372151643970319], "energy": [0.12358674627436747, 0.17413535614404776, 0.2062677032995833, 0.05609746809034289, 0.15397954303121655], "r2": [], "weighted_wasserstein": [0.9357118210232714, 0.35163959118761084, 0.5189893142409631, 0.4576533789434011, 0.8407633008172956]}