{"mmd": [0.03632441908121109, 0.015017074532806873, 0.04417402669787407, 0.3309984505176544], "wasserstein": [0.3723962923547461, 0.15351614735355273, 0.3834162567659157, 0.7371858837118398], "energy": [0.17979526585647285, 0.05346512988699328, 0.18185198494039298, 0.19040382005091797], "r2": [0.26873087882995605, -0.04952037334442139, -0.6580204963684082, -9.439962387084961], "weighted_wasserstein": [0.43375658100641934, 0.34186129309372804, 0.403155005537503, 0.7646196962132619]}