{"mmd": [0.375556081533432, 0.03157024830579758, 0.027577802538871765, 0.020406628027558327, 0.2867899239063263], "wasserstein": [0.567199420476762, 0.3588731684969848, 0.4703724408546847, 0.1287524964434908, 0.565080126735014], "energy": [0.13906133316506197, 0.17448070998406842, 0.20581573037158193, 0.03767142457088595, 0.14685039457469345], "r2": [], "weighted_wasserstein": [0.7052207892622229, 0.36813303722494617, 0.49324741239030384, 0.20596316943848658, 0.5651984797046065]}