{"mmd": [0.03386317566037178, 0.013508051633834839, 0.04309701919555664, 0.32872605323791504], "wasserstein": [0.3786847758018047, 0.1285587387496574, 0.38593877324996284, 0.6182801551983672], "energy": [0.18043562422980747, 0.04761698979161422, 0.1834202853987458, 0.16558225444493418], "r2": [0.25006014108657837, -0.0201871395111084, -0.6414246559143066, -7.790903091430664], "weighted_wasserstein": [0.44013309647817855, 0.3081380974966423, 0.40491696565805074, 0.6565387683514697]}