{"mmd": [0.33706042170524597, 0.036969881504774094, 0.030794782564044, 0.028349393978714943, 0.24651487171649933], "wasserstein": [0.5614849444983816, 0.36272690799791324, 0.4972173919908817, 0.21991894030238765, 0.6778727837465767], "energy": [0.11942641848133224, 0.173602626324919, 0.21711701252538262, 0.05308013854757277, 0.16288912702665867], "r2": [], "weighted_wasserstein": [0.6939708246359538, 0.3536170677384892, 0.515742954770847, 0.39585594739681756, 0.5985469834026164]}