{"mmd": [0.037727240473032, 0.013288862071931362, 0.04607897996902466, 0.3315841257572174], "wasserstein": [0.37824947084417904, 0.13819163945732135, 0.3918646303549122, 0.7420537444726777], "energy": [0.17952349751139024, 0.05091131456137389, 0.18457871937197226, 0.19554817581622133], "r2": [0.28186869621276855, 0.009920001029968262, -0.6815412044525146, -9.442177772521973], "weighted_wasserstein": [0.4411249912181747, 0.317483315350155, 0.4093293366213402, 0.7718886056500773]}