{"mmd": [0.3393913209438324, 0.03385670855641365, 0.027854517102241516, 0.026005819439888, 0.2646419405937195], "wasserstein": [0.654885771470891, 0.3570854769139942, 0.478719839203906, 0.25642220586177566, 0.7164447673879244], "energy": [0.12546359164858303, 0.17399868369258883, 0.21466852335513098, 0.05962632380787901, 0.14283458184500947], "r2": [], "weighted_wasserstein": [1.137621065407102, 0.3620074630888756, 0.5429919448609445, 0.5225543709107994, 0.9579733113925687]}