{"mmd": [0.03439144417643547, 0.012593296356499195, 0.04237714409828186, 0.3289511203765869], "wasserstein": [0.37427108904769923, 0.14053680670302535, 0.3782553145568707, 0.6672899116488323], "energy": [0.18063252986867728, 0.049892849037357134, 0.18132959855268763, 0.18082923228306064], "r2": [0.26523756980895996, -0.008392572402954102, -0.6270297765731812, -7.071369171142578], "weighted_wasserstein": [0.437651729235814, 0.3279240377481798, 0.3972993810834846, 0.6872534395843356]}