{"mmd": [0.36372295022010803, 0.05370841547846794, 0.03443875536322594, 0.02007332816720009, 0.27600526809692383], "wasserstein": [0.5697302216653366, 0.3892698678847533, 0.4813977502575841, 0.12875988321941517, 0.790519422883427], "energy": [0.1386737749844459, 0.1737689551578698, 0.21194890040189698, 0.04117528754887787, 0.21077312027645442], "r2": [], "weighted_wasserstein": [0.7385966292996725, 0.38644566673424263, 0.5115502524741165, 0.1502088480501461, 0.8032847996964504]}