{"mmd": [0.05565573647618294, 0.014529097825288773, 0.04143237695097923, 0.3240464925765991], "wasserstein": [0.41043562397324196, 0.15003246274162302, 0.3727615389122957, 0.8232242652631818], "energy": [0.1800018656748995, 0.05468185002736804, 0.1780691143197371, 0.21290207501756606], "r2": [0.3400897979736328, -0.024361848831176758, -0.6019006967544556, -11.033077239990234], "weighted_wasserstein": [0.4536281868411267, 0.3148251115025297, 0.3926981839120355, 0.8513636969417118]}