{"mmd": [0.2766627371311188, 0.031235121190547943, 0.028382064774632454, 0.06090567633509636, 0.19901017844676971], "wasserstein": [0.49663899596943606, 0.346485443033293, 0.454560090451442, 0.3098831300030297, 0.5103492012224158], "energy": [0.12063542221375699, 0.1738854956298454, 0.2044801203515092, 0.08220511352064419, 0.13212297603276277], "r2": [], "weighted_wasserstein": [0.5511455016506088, 0.36588780218855016, 0.513703087800337, 0.4045633984292792, 0.4795388352109126]}