{"mmd": [0.03264971449971199, 0.013490923680365086, 0.04636998847126961, 0.3271700143814087], "wasserstein": [0.365631670762831, 0.13137700617002915, 0.3849496846542747, 0.6835186011509086], "energy": [0.18141031263487198, 0.04627277323106416, 0.18189198464630976, 0.17487014060919467], "r2": [0.24072867631912231, -0.008622527122497559, -0.6775708198547363, -9.052127838134766], "weighted_wasserstein": [0.43440471333311464, 0.30517042612925654, 0.40463931819929905, 0.709369034955045]}