{"mmd": [0.3138904273509979, 0.039489518851041794, 0.03190210089087486, 0.05308167636394501, 0.26082631945610046], "wasserstein": [0.3993170077383748, 0.3564603861524517, 0.45899549737581274, 0.18493297564459218, 0.6232671481156665], "energy": [0.10874003034743263, 0.17188464663565203, 0.20581050734451187, 0.06124067918294205, 0.18195360751512316], "r2": [], "weighted_wasserstein": [0.5540027502073277, 0.3406655747477018, 0.4442016637485808, 0.1850333404111924, 0.602979674883831]}