{"mmd": [0.040241796523332596, 0.013280905783176422, 0.04444174841046333, 0.3254421055316925], "wasserstein": [0.3714353271563819, 0.127047981433032, 0.38384649288437356, 0.7471665697324469], "energy": [0.1768159529128369, 0.048669611453904534, 0.18029071076489256, 0.211580567673659], "r2": [0.2841957211494446, 0.014158189296722412, -0.6341586112976074, -8.395063400268555], "weighted_wasserstein": [0.4294933970476283, 0.29128446088574506, 0.40183243060639207, 0.7722970196719315]}