{"mmd": [0.3845207691192627, 0.03181413188576698, 0.06020723655819893, 0.1995389610528946, 0.27335402369499207], "wasserstein": [1.0271247843993174, 0.38561840033592326, 0.5196282891553482, 0.39867645789920314, 1.1069993847055442], "energy": [0.18361625398355616, 0.1903893045437955, 0.18932837440738817, 0.09100714935674506, 0.19157640031663803], "r2": []}