{"mmd": [0.3623218536376953, 0.04409968852996826, 0.03068324364721775, 0.03651229664683342, 0.28000590205192566], "wasserstein": [0.516972297627197, 0.38188529523506937, 0.46875689184583874, 0.1804996530724532, 0.6455199606881105], "energy": [0.128949782378186, 0.18119358990836254, 0.21431538444731094, 0.05896664026086526, 0.17187992699229981], "r2": [], "weighted_wasserstein": [0.568239874253617, 0.3679645094109555, 0.49623254329226124, 0.31706488209204053, 0.5485335925683963]}