{"mmd": [0.04463948309421539, 0.013585980050265789, 0.04290170595049858, 0.32695508003234863], "wasserstein": [0.3981840167751624, 0.1388989785867055, 0.3786586429457425, 0.6906833077371511], "energy": [0.18575591211268652, 0.05190696693612367, 0.17891916667938834, 0.18190163149437713], "r2": [0.31003737449645996, -0.0063207149505615234, -0.6199921369552612, -9.147249221801758], "weighted_wasserstein": [0.4489264157916581, 0.31091764358299384, 0.3951474082777498, 0.7248421520962355]}