{"mmd": [0.37471985816955566, 0.034390468150377274, 0.028615981340408325, 0.028256908059120178, 0.2897440791130066], "wasserstein": [0.5075748521843317, 0.3604699101411978, 0.4452248198439696, 0.13217109534803423, 0.6979656191742338], "energy": [0.12909657801309343, 0.17647466569215794, 0.2088352814691432, 0.04972738329724875, 0.18604368174469646], "r2": [], "weighted_wasserstein": [0.63795797618077, 0.3608524918511932, 0.4961144211958976, 0.20086650656958815, 0.6459748258936715]}