{"mmd": [0.03585018217563629, 0.012988905422389507, 0.044251322746276855, 0.32789942622184753], "wasserstein": [0.3760576520654126, 0.129301463007759, 0.3875589595744342, 0.7625974432935623], "energy": [0.18138480003373392, 0.04924138361602692, 0.18352549042186952, 0.19781710056608057], "r2": [0.2634212374687195, 0.0214499831199646, -0.6503506898880005, -9.755577087402344], "weighted_wasserstein": [0.435164472476802, 0.3100642140781743, 0.40455019128447506, 0.7852510137481721]}