{"mmd": [0.23514020442962646, 0.03464913368225098, 0.027812371030449867, 0.07239928096532822, 0.17294888198375702], "wasserstein": [0.4798168971444777, 0.35982104201503107, 0.4821663934873119, 0.3057441881120133, 0.5431329534814919], "energy": [0.11135088715940232, 0.1783425404558611, 0.20844755726768774, 0.09149371310945485, 0.1323524046400874], "r2": [], "weighted_wasserstein": [0.663595973764743, 0.3533180082501731, 0.479080660891507, 0.2749067274708152, 0.6212008341803128]}