{"mmd": [0.03546389564871788, 0.013573785312473774, 0.04632331058382988, 0.32816681265830994], "wasserstein": [0.37663517721447687, 0.1413319083739037, 0.38676449673964197, 0.7587014867277934], "energy": [0.18342518757817972, 0.0504709577930272, 0.18165358711854676, 0.19855311713858126], "r2": [0.2670995593070984, -0.01452648639678955, -0.6655317544937134, -9.788050651550293], "weighted_wasserstein": [0.4397107222760052, 0.3148074534012573, 0.4050463168699806, 0.7847484312644498]}