{"mmd": [0.35675129294395447, 0.03816274181008339, 0.03362672030925751, 0.026966139674186707, 0.26905229687690735], "wasserstein": [0.5404984747056555, 0.37016636015592724, 0.4888634015919324, 0.14143462900538445, 0.6314204874705882], "energy": [0.13215464353430484, 0.17736279883198056, 0.20617557718478668, 0.04234856391136639, 0.15676790419344325], "r2": [], "weighted_wasserstein": [0.6578158461365825, 0.3439820706387826, 0.48952551461243904, 0.27711911314790466, 0.5810006147268122]}