{"mmd": [0.03995896130800247, 0.01366627961397171, 0.0522448904812336, 0.3269897401332855], "wasserstein": [0.3860982010612487, 0.13955277083241596, 0.39988075053980227, 0.6932196242756503], "energy": [0.18214979502141154, 0.04816700558462407, 0.18758974339561807, 0.18397413208846816], "r2": [0.27854377031326294, -0.006917715072631836, -0.7784268856048584, -8.337230682373047], "weighted_wasserstein": [0.44001188343694486, 0.3083485155005286, 0.41946562634426776, 0.7239679181499512]}