{"mmd": [0.19010771811008453, 0.030018331483006477, 0.03186449036002159, 0.055308204144239426, 0.02002754807472229], "wasserstein": [0.46239328594000123, 0.36525022553997355, 0.4920176190964499, 0.3287682720682298, 0.2901359812871917], "energy": [0.12035287994835563, 0.1820346117804799, 0.20249640211023343, 0.06959007731650992, 0.07204146946313054], "r2": []}