{"mmd": [0.031228184700012207, 0.014814256690442562, 0.07574409991502762, 0.037470679730176926], "wasserstein": [0.3809460348943142, 0.1559208113440397, 0.37837536081596135, 0.21870113511918504], "energy": [0.18914877460263887, 0.05362066729628744, 0.17676771025561513, 0.1157549398961051], "r2": [0.21511375904083252, -0.06035304069519043, -0.918785572052002, -0.34395551681518555]}