{"mmd": [0.35709595680236816, 0.02476172149181366, 0.07081667333841324, 0.23230189085006714, 0.24554204940795898], "wasserstein": [1.115451899359043, 0.36339708928389725, 0.5707414785328454, 0.49729935616374116, 1.242765159419483], "energy": [0.2006133648666271, 0.18454779609078867, 0.20605489146097464, 0.10217787814440031, 0.21907298136648715], "r2": [], "weighted_wasserstein": [1.5633505730456705, 0.348528804372191, 0.6081452945703262, 0.7491044130193569, 1.218325115202219]}