{"mmd": [0.2455391138792038, 0.035679448395967484, 0.02545073628425598, 0.075222909450531, 0.17198236286640167], "wasserstein": [0.7024618306529339, 0.359600693957644, 0.4512084481561654, 0.3761343190063611, 0.6687875612700293], "energy": [0.15411677235186433, 0.17695858568793452, 0.19796483387339797, 0.10316391570809634, 0.13580193659162243], "r2": [], "weighted_wasserstein": [0.7121971929849412, 0.3449301935135349, 0.4989594276293657, 0.34185332017812786, 0.5881640889808056]}