{"mmd": [0.03558438643813133, 0.01092690322548151, 0.07326317578554153, 0.3219151198863983], "wasserstein": [0.37306411011093177, 0.1514437126030146, 0.39851926908858004, 0.754733203451069], "energy": [0.1807275997024655, 0.05452526558696454, 0.1862772228851587, 0.19659672854136717], "r2": [0.2690470814704895, 0.019856154918670654, -1.130134105682373, -9.556194305419922], "weighted_wasserstein": [0.43615676676773624, 0.31782246564571265, 0.4227887119611911, 0.7751356904096266]}