{"mmd": [0.34461912512779236, 0.031100042164325714, 0.04282474145293236, 0.18161721527576447, 0.2348114252090454], "wasserstein": [1.3624223435448053, 0.38584349241595545, 0.47638126671758124, 0.39722578083146654, 1.4384036844404007], "energy": [0.3082415980525919, 0.19313032230696303, 0.17818203027445098, 0.10302460370117594, 0.3288002861686602], "r2": []}