{"mmd": [0.4207521378993988, 0.03300287947058678, 0.06970322132110596, 0.22043178975582123, 0.30964958667755127], "wasserstein": [0.9973869591480538, 0.3729597854128488, 0.5651438047573625, 0.27008650155448116, 1.152224887263958], "energy": [0.21580169877279679, 0.1878783872979679, 0.2123371068463808, 0.08605400946400983, 0.23219021376451912], "r2": [], "weighted_wasserstein": [1.2164250298326906, 0.36226392453733086, 0.4732236379986452, 0.34650949939501624, 1.150645972587299]}