{"mmd": [0.034889090806245804, 0.010667714290320873, 0.044086288660764694, 0.3295201063156128], "wasserstein": [0.3727673383516531, 0.131210952089475, 0.3926878856517261, 0.7448534129621176], "energy": [0.18797682978504324, 0.05191633937112886, 0.18575893124778328, 0.20994028529753955], "r2": [0.23910927772521973, 0.045626699924468994, -0.6510382890701294, -8.483381271362305], "weighted_wasserstein": [0.4386354790675346, 0.30900948732984146, 0.41313904397604007, 0.7715825970658172]}