{"mmd": [0.2889036238193512, 0.0345938466489315, 0.025507861748337746, 0.04282103851437569, 0.22740991413593292], "wasserstein": [0.4920923256687147, 0.361896971724118, 0.45014273454916787, 0.27821643793145356, 0.6026873868975529], "energy": [0.11188218981170955, 0.1797392324932331, 0.1984917964052505, 0.0760283025271351, 0.14999403094062702], "r2": [], "weighted_wasserstein": [0.6043773474837462, 0.3571353252568541, 0.4807200313887411, 0.21032380011317123, 0.6094975136327718]}