{"mmd": [0.03604055196046829, 0.014343701303005219, 0.04282189533114433, 0.3279808461666107], "wasserstein": [0.3780756497684341, 0.14779291703165484, 0.38304249312485494, 0.7110988778627425], "energy": [0.18407236952887127, 0.05033414829573932, 0.18105276243423532, 0.20803344224445583], "r2": [0.25104010105133057, -0.04579365253448486, -0.6183063983917236, -7.372936248779297], "weighted_wasserstein": [0.43735903859088776, 0.32311871399210695, 0.4009754540407132, 0.7350324889115216]}