{"mmd": [0.36961960792541504, 0.034790266305208206, 0.030966797843575478, 0.02388693578541279, 0.292481929063797], "wasserstein": [0.5200932602370312, 0.35166524933390914, 0.43888260656025196, 0.09032040765933458, 0.7047691584494981], "energy": [0.13268340190818392, 0.17279455548518438, 0.20887797072640968, 0.03497919188927058, 0.18584552923056405], "r2": [], "weighted_wasserstein": [0.5988078961635485, 0.3493104734429169, 0.4666328227878084, 0.12500786755978197, 0.6889694405898371]}