{"mmd": [0.03604893758893013, 0.012511064298450947, 0.04112652689218521, 0.3268541693687439], "wasserstein": [0.3678935880150334, 0.1315391594559611, 0.38485382616351926, 0.7380822697554006], "energy": [0.17924837142254632, 0.048794380289173774, 0.18328631878288723, 0.19302109646807927], "r2": [0.24675846099853516, 0.026181161403656006, -0.5950667858123779, -8.978080749511719], "weighted_wasserstein": [0.43048025874725887, 0.29626495089616584, 0.40424361220459853, 0.7549868929216432]}