{"mmd": [0.3186306655406952, 0.03274776041507721, 0.029084885492920876, 0.049305468797683716, 0.24447321891784668], "wasserstein": [0.4732913048537725, 0.34997884338919605, 0.44555250231391796, 0.15739859423582467, 0.7141368020956813], "energy": [0.11745797072920582, 0.17758542065849162, 0.20790522894365718, 0.05424608575231934, 0.18478173684740953], "r2": [], "weighted_wasserstein": [0.6871067562739782, 0.3607757360292439, 0.5040810487470215, 0.21599750964577163, 0.6871839250789413]}