{"mmd": [0.03225493058562279, 0.012890558689832687, 0.050516292452812195, 0.3232349455356598], "wasserstein": [0.36703399236447165, 0.14539606088276846, 0.3865385487649489, 0.8158338273170469], "energy": [0.18282702130920492, 0.054021553155940934, 0.18369102020757735, 0.21242121483514062], "r2": [0.23957407474517822, 0.04188424348831177, -0.7690967321395874, -10.650091171264648], "weighted_wasserstein": [0.4346486590702212, 0.30895852015732794, 0.4099659950882984, 0.8425731334815405]}