{"mmd": [0.25328007340431213, 0.03191285952925682, 0.022257737815380096, 0.08052961528301239, 0.19191396236419678], "wasserstein": [0.49297670380729364, 0.3398514053107248, 0.4115001594374768, 0.24848003502640975, 0.5567324224487135], "energy": [0.12416069125296475, 0.17421148746961682, 0.185509594066955, 0.07636673533372851, 0.14720252697502084], "r2": [], "weighted_wasserstein": [0.7278187688551296, 0.332588700552013, 0.4874772015335446, 0.4225184452505616, 0.5274990935147424]}