{"mmd": [0.03320334479212761, 0.014389528892934322, 0.07971417158842087, 0.31875714659690857], "wasserstein": [0.36245645278371275, 0.12873463724689035, 0.4189914845828968, 0.6522743625796198], "energy": [0.18122438508544647, 0.04941087716508142, 0.19054020703457775, 0.16807247921647334], "r2": [0.2552323341369629, -0.04337668418884277, -1.218646764755249, -8.259603500366211], "weighted_wasserstein": [0.4396524207881283, 0.30921304501669705, 0.44785073453602775, 0.681119023486103]}