{"mmd": [0.2838045656681061, 0.03259176388382912, 0.02330871857702732, 0.055354952812194824, 0.19790363311767578], "wasserstein": [0.595194590927751, 0.36311235233668354, 0.46861629573711533, 0.3182873076471895, 0.5648376110257665], "energy": [0.1387223281645999, 0.17908157944244524, 0.20240943939572398, 0.08863628742885049, 0.1275003450713669], "r2": [], "weighted_wasserstein": [0.7807814658492722, 0.3547183803592015, 0.4676432639252798, 0.432064283350535, 0.5142620786645812]}