{"mmd": [0.033866096287965775, 0.013338789343833923, 0.049653809517621994, 0.3278786242008209], "wasserstein": [0.37815996198657276, 0.1303278305639181, 0.38968776514501924, 0.7225843254219905], "energy": [0.18465701362295484, 0.04589770208078807, 0.18383471319855188, 0.18538293094205333], "r2": [0.25544047355651855, -0.0258256196975708, -0.7005839347839355, -9.706528663635254], "weighted_wasserstein": [0.44591377941932214, 0.3146197823891329, 0.407879192174601, 0.7536634500842984]}