{"mmd": [0.3401449918746948, 0.03925121948122978, 0.030752025544643402, 0.02892438881099224, 0.25608357787132263], "wasserstein": [0.493803341198331, 0.3702284510542087, 0.4757583187399028, 0.15566305860526009, 0.6743600403364121], "energy": [0.12031415763653054, 0.17767326279358941, 0.2139862531706308, 0.047363371414389024, 0.17589824367283682], "r2": [], "weighted_wasserstein": [0.6210789588865959, 0.3640337399167663, 0.47313851783483907, 0.221655370900256, 0.6029115486098733]}