{"mmd": [0.04093599319458008, 0.013661298900842667, 0.047839581966400146, 0.32510194182395935], "wasserstein": [0.388622978818189, 0.133783743249165, 0.38608268077762, 0.7431925699768135], "energy": [0.1838644569116104, 0.04907225546511079, 0.18328240799105783, 0.19392124519389492], "r2": [0.2842620611190796, -0.009073853492736816, -0.7013146877288818, -9.068367958068848], "weighted_wasserstein": [0.4429184938883979, 0.3114442237264722, 0.40693925372306006, 0.7674235866811767]}