{"mmd": [0.3513857424259186, 0.03889631852507591, 0.031058847904205322, 0.02787112630903721, 0.26580485701560974], "wasserstein": [0.48316358491041617, 0.35900097838048023, 0.47395700469487967, 0.19617061281829165, 0.6629901485630006], "energy": [0.12241258081110803, 0.17703178981400225, 0.21312433042047632, 0.06769673375377754, 0.18264642527089348], "r2": [], "weighted_wasserstein": [0.6005266531533421, 0.35154848285946616, 0.501858592940483, 0.23353328120992184, 0.630989194738194]}