{"mmd": [0.040161531418561935, 0.011029687710106373, 0.04393383860588074, 0.328686386346817], "wasserstein": [0.37714724343169287, 0.14594866020810207, 0.38822815025348023, 0.7776103560946701], "energy": [0.18218749812973387, 0.05419664191109254, 0.18283903450830044, 0.21233736963665945], "r2": [0.28788304328918457, 0.031118392944335938, -0.6316627264022827, -9.27217960357666], "weighted_wasserstein": [0.43247743990940535, 0.3203862303288814, 0.40530746891700925, 0.8026158793196505]}