{"mmd": [0.39421406388282776, 0.0372549407184124, 0.02909829281270504, 0.017622357234358788, 0.3138839900493622], "wasserstein": [0.4952233017792377, 0.36405288179195155, 0.4708076499442206, 0.11545598183531826, 0.7131166238989362], "energy": [0.13182200350074474, 0.1737479311708545, 0.2159160093364053, 0.045938717507362045, 0.20044324367013272], "r2": [], "weighted_wasserstein": [0.5299922912314593, 0.34941409159263065, 0.49205420987543763, 0.17390833779066936, 0.6389248175255559]}