{"mmd": [0.03861516714096069, 0.011931180022656918, 0.041908081620931625, 0.32807669043540955], "wasserstein": [0.38048635292998656, 0.1272472225722884, 0.38018360821564023, 0.7156150434304345], "energy": [0.17992667210614885, 0.04947977633859779, 0.18132795340171462, 0.1953748359331292], "r2": [0.2880544662475586, 0.028377294540405273, -0.5975804328918457, -8.32598876953125], "weighted_wasserstein": [0.4390405407768925, 0.3013634695405622, 0.3991972106583407, 0.738494705464636]}