{"mmd": [0.3332557678222656, 0.03377975523471832, 0.02607676386833191, 0.031761813908815384, 0.25372761487960815], "wasserstein": [0.49948996457886047, 0.3663543582905058, 0.4571932000075452, 0.16135442498430125, 0.6936273907534232], "energy": [0.120054915430869, 0.18063532099745774, 0.20969285092687728, 0.04456293706126706, 0.18741595957839077], "r2": [], "weighted_wasserstein": [0.5787985360629153, 0.35714095245628547, 0.49276233018617427, 0.29388976855580706, 0.6217765817753248]}