{"mmd": [0.03536103665828705, 0.014697812497615814, 0.04125041887164116, 0.3286249339580536], "wasserstein": [0.3831361619344809, 0.1452531020681892, 0.38356247943853655, 0.7695539717036041], "energy": [0.1850362469982859, 0.0535164272310402, 0.1815721992326113, 0.20781118330251933], "r2": [0.2577134966850281, -0.011569499969482422, -0.6030871868133545, -9.449853897094727], "weighted_wasserstein": [0.44047509837688287, 0.31692020909631163, 0.4015448932799924, 0.7972775462269334]}