{"mmd": [0.29207751154899597, 0.03527359291911125, 0.03021620400249958, 0.05526505783200264, 0.2319299727678299], "wasserstein": [0.41389088375955063, 0.3568511904672724, 0.4588610978659866, 0.2270112059038763, 0.5879228829061821], "energy": [0.10662861186474272, 0.17628227627694237, 0.20577714324661528, 0.07211994819402871, 0.16492944333202153], "r2": [], "weighted_wasserstein": [0.5340889929609339, 0.3554890931675044, 0.47868708094880574, 0.16973620358896926, 0.6650085607008646]}