{"mmd": [0.03566186875104904, 0.011184409260749817, 0.04630351439118385, 0.3296842873096466], "wasserstein": [0.3723426690236078, 0.14904076389404622, 0.38892873621929913, 0.7440858825489399], "energy": [0.18252772989128294, 0.05327149515493727, 0.1842921018581111, 0.20354215643398962], "r2": [0.27414464950561523, 0.0516742467880249, -0.6537203788757324, -8.862662315368652], "weighted_wasserstein": [0.4394065863118887, 0.3072560227965794, 0.4071270028555509, 0.7732395076197283]}