{"mmd": [0.29608556628227234, 0.029267555102705956, 0.023147791624069214, 0.056408897042274475, 0.2055201530456543], "wasserstein": [0.4958193783263848, 0.3499850285547725, 0.4512199648301906, 0.2641766062177661, 0.6003984265437144], "energy": [0.11588161862188193, 0.18000681427354023, 0.1995776197533621, 0.07458510957092143, 0.15231060611696584], "r2": [], "weighted_wasserstein": [0.636600704920417, 0.36885018931033126, 0.500315531768117, 0.30482221414365934, 0.6041460222831017]}