{"mmd": [0.02989920787513256, 0.011657949537038803, 0.04595893621444702, 0.32189419865608215], "wasserstein": [0.36639872815993874, 0.1429961977207456, 0.3907162574262961, 0.8414739844520621], "energy": [0.185438667614144, 0.05151157978372576, 0.18467197440428978, 0.21134961380303247], "r2": [0.23371386528015137, 0.021237194538116455, -0.6518744230270386, -11.610198020935059], "weighted_wasserstein": [0.44001409279958353, 0.31322498025373524, 0.406677488005372, 0.8656539593284153]}