{"mmd": [0.34262681007385254, 0.035921450704336166, 0.026737233623862267, 0.04554123058915138, 0.267987996339798], "wasserstein": [0.4963912372422406, 0.3550676419296445, 0.4380643893619581, 0.15421802529644985, 0.6310978791860106], "energy": [0.12461389805148226, 0.17311473171349084, 0.2079551071535492, 0.05394780010392148, 0.16477063864275004], "r2": [], "weighted_wasserstein": [0.6194916775421893, 0.362156910939038, 0.4841184120306938, 0.1710962744662848, 0.6490497305961352]}