{"mmd": [0.036462828516960144, 0.010968347080051899, 0.04546627774834633, 0.3245222866535187], "wasserstein": [0.3727350233754467, 0.1257224330296489, 0.38157716754246285, 0.7251850987052102], "energy": [0.17907242737854795, 0.049853680367880175, 0.1815147293409014, 0.18810911770692634], "r2": [0.27347123622894287, 0.006721436977386475, -0.6518651247024536, -9.360064506530762], "weighted_wasserstein": [0.434489636321152, 0.29888347936883103, 0.3999850216657536, 0.7543348749261531]}