{"mmd": [0.25250986218452454, 0.04659269377589226, 0.03997574374079704, 0.05825142189860344, 0.18616187572479248], "wasserstein": [0.7235057319515235, 0.35637943064562894, 0.4687105488320604, 0.3378532060289638, 0.6159945953217087], "energy": [0.16242348718841984, 0.17257318653714276, 0.20199834933202976, 0.09288883364142944, 0.11501421422295655], "r2": [], "weighted_wasserstein": [0.7830091885907166, 0.35037884711122297, 0.47650588692471135, 0.2834842222347311, 0.6133574667240237]}