{"mmd": [0.04802451655268669, 0.013461834751069546, 0.06158135458827019, 0.3237326145172119], "wasserstein": [0.37542880139022494, 0.15362632754452915, 0.3903516786189518, 0.7102176698684832], "energy": [0.17905909683640253, 0.05212900643985172, 0.18508614294404607, 0.1846733223187281], "r2": [0.29461508989334106, 0.0024961233139038086, -0.8976168632507324, -8.790892601013184], "weighted_wasserstein": [0.427628219830678, 0.31331140317237355, 0.41725266624031043, 0.7317623020212848]}