{"mmd": [0.4069657325744629, 0.04299956560134888, 0.03860922157764435, 0.0175635889172554, 0.32374224066734314], "wasserstein": [0.5452272045476423, 0.3614000083706778, 0.44835156767650425, 0.09468592263349965, 0.7212678049011008], "energy": [0.14350551682741358, 0.17105478211500505, 0.21415744094005196, 0.04589933990427452, 0.19517332487142128], "r2": [], "weighted_wasserstein": [0.6450348241791758, 0.3496675394604628, 0.47578217953989005, 0.11695398639316873, 0.6867321328237712]}