{"mmd": [0.04503259062767029, 0.013576346449553967, 0.042052436619997025, 0.32372769713401794], "wasserstein": [0.3797287971801087, 0.1211581593764442, 0.38178775490535055, 0.7116482127566318], "energy": [0.1780037568648026, 0.04893926455091448, 0.1813310919302083, 0.18344995158544875], "r2": [0.3067203760147095, 0.00913459062576294, -0.592853307723999, -8.906059265136719], "weighted_wasserstein": [0.4340737628551059, 0.29658807340347015, 0.40047904360621855, 0.7303690167376731]}