{"mmd": [0.38422366976737976, 0.04187467694282532, 0.03557813912630081, 0.025799861177802086, 0.30512896180152893], "wasserstein": [0.5128263584014089, 0.3617070281261185, 0.4707689641667738, 0.1296336921636114, 0.7492827918074974], "energy": [0.1348465149996327, 0.1733806178920232, 0.21547833301571015, 0.04846671617006855, 0.22578436767955024], "r2": [], "weighted_wasserstein": [0.5408864012134647, 0.35639068316864164, 0.47905366571268176, 0.18700334253636516, 0.6595369935763269]}