{"mmd": [0.04361307621002197, 0.012930278666317463, 0.042988717555999756, 0.32111015915870667], "wasserstein": [0.3805181337528317, 0.14575611697676935, 0.37903754562943054, 0.7950715709909831], "energy": [0.18055928319178402, 0.05455159791647317, 0.178960170119155, 0.2212315541707643], "r2": [0.29630476236343384, 0.026503443717956543, -0.6106942892074585, -9.493268966674805], "weighted_wasserstein": [0.4373520706602016, 0.3063020335762293, 0.40021426490468054, 0.8225448612663095]}