{"mmd": [0.37517857551574707, 0.05533549189567566, 0.04654364660382271, 0.15663747489452362, 0.2658235430717468], "wasserstein": [0.8796345415521483, 0.4248241863991107, 0.5417141693686403, 0.24420205421894559, 1.166688245756833], "energy": [0.17985932356254716, 0.1864926223008596, 0.19964763498559812, 0.07203305280834665, 0.23692194394241858], "r2": [], "weighted_wasserstein": [1.1017416746205997, 0.3598694609341942, 0.5322295811256209, 0.294827550319728, 1.0783633637274832]}