{"mmd": [0.057228345423936844, 0.013879463076591492, 0.058639466762542725, 0.324749231338501], "wasserstein": [0.40160000977791027, 0.1482969676275738, 0.38937461378472454, 0.7807185830344896], "energy": [0.17696666849847165, 0.05814668947598382, 0.1850298786835792, 0.20967755043747915], "r2": [0.34662556648254395, 0.0032776594161987305, -0.8506864309310913, -9.68371295928955], "weighted_wasserstein": [0.4445629918838376, 0.30129760978340037, 0.41163181457278064, 0.8050813197334983]}