{"mmd": [0.3333439528942108, 0.032531533390283585, 0.024111932143568993, 0.04708978533744812, 0.2565615177154541], "wasserstein": [0.4731710962996787, 0.3633758608067225, 0.45730171722481955, 0.17433739563491824, 0.7061490585218836], "energy": [0.1181033950606213, 0.179020137401644, 0.20734857993242792, 0.058192679488971714, 0.18341693298803197], "r2": [], "weighted_wasserstein": [0.5489837827104834, 0.3517793731100686, 0.5188307257083723, 0.2367333862303867, 0.6388445417728719]}