{"mmd": [0.0337349958717823, 0.011309345252811909, 0.045293744653463364, 0.3270014226436615], "wasserstein": [0.379179427017049, 0.1447386099705299, 0.38725879562281584, 0.8000008173773268], "energy": [0.18420858618002628, 0.052624388970879905, 0.18377195424065265, 0.21069623561350784], "r2": [0.25845247507095337, 0.03358811140060425, -0.6449934244155884, -10.37677001953125], "weighted_wasserstein": [0.44604822592829074, 0.3107383054486223, 0.40591994669248654, 0.8268251760723457]}