{"mmd": [0.41646745800971985, 0.02832549624145031, 0.04298399016261101, 0.1808815598487854, 0.3056701719760895], "wasserstein": [0.891753452294681, 0.37663422871136965, 0.49316323954196806, 0.2610096748008015, 0.9245736881982706], "energy": [0.18455493100829312, 0.18904085102349538, 0.19813749252007135, 0.07919590598609444, 0.18740119850899153], "r2": [], "weighted_wasserstein": [0.9340120171335166, 0.3594414923290196, 0.5123861025742661, 0.28508099703027895, 0.9151249327313175]}