{"mmd": [0.032614950090646744, 0.011377516202628613, 0.04292752221226692, 0.33041131496429443], "wasserstein": [0.3774084840767232, 0.12595398015486167, 0.385439267757633, 0.6687650053988347], "energy": [0.183896806038383, 0.05186133673986492, 0.18335481380316923, 0.17366210323073386], "r2": [0.2513314485549927, 0.02654927968978882, -0.6262226104736328, -8.02964973449707], "weighted_wasserstein": [0.44121998133538143, 0.2983288059445267, 0.40747082324573153, 0.6907566242125709]}