{"mmd": [0.3317275941371918, 0.03741008788347244, 0.027559921145439148, 0.038768868893384933, 0.2520558834075928], "wasserstein": [0.5068278611948263, 0.36432743101745296, 0.45750974609947254, 0.1822297544776481, 0.7112659348277909], "energy": [0.11557608311462605, 0.17352726521132936, 0.21069612996542758, 0.0552114605768537, 0.18185278018441908], "r2": [], "weighted_wasserstein": [0.7267825631688037, 0.35673942409754855, 0.4956532113657936, 0.31938764518778284, 0.6929754734550917]}