{"mmd": [0.038788091391325, 0.013191129080951214, 0.04591107740998268, 0.3316933214664459], "wasserstein": [0.382409750503101, 0.1504167076843196, 0.38446838848731607, 0.7810434741213172], "energy": [0.1796842649028226, 0.05180431762310327, 0.1813992763603924, 0.21277184148156517], "r2": [0.27694040536880493, -0.0133439302444458, -0.6827261447906494, -9.621452331542969], "weighted_wasserstein": [0.4369565595311252, 0.3223909682648175, 0.40205044744764523, 0.8090536312238712]}