{"mmd": [0.2657489776611328, 0.035052016377449036, 0.03046354092657566, 0.08665027469396591, 0.19955281913280487], "wasserstein": [0.4375376507059566, 0.3519467411888536, 0.4798661868519232, 0.2828878153645929, 0.6224805129929507], "energy": [0.10556920421385338, 0.1760099895314909, 0.20785879590053244, 0.08734863944827903, 0.15848563530300716], "r2": [], "weighted_wasserstein": [0.6232891971404307, 0.3439591206538059, 0.5020331972016316, 0.28409988634634087, 0.6415413335703132]}