{"mmd": [0.034785207360982895, 0.012424043379724026, 0.04685111716389656, 0.3256014883518219], "wasserstein": [0.3670272546193263, 0.1336586130850717, 0.39271747954941744, 0.8911655630814259], "energy": [0.18100976404073527, 0.051201224327977454, 0.1845094964535257, 0.22210955599381382], "r2": [0.2685413956642151, 0.0037818551063537598, -0.7052187919616699, -12.611075401306152], "weighted_wasserstein": [0.43488813825043654, 0.30522181836215484, 0.4094308337763422, 0.913581691474584]}