{"mmd": [0.31567659974098206, 0.030526751652359962, 0.026824625208973885, 0.058543767780065536, 0.23360224068164825], "wasserstein": [0.4539912606739717, 0.3549459078957955, 0.43523861102978745, 0.21687216940551665, 0.679062498679231], "energy": [0.11452305576525927, 0.1777255300238763, 0.18768129703469782, 0.07262645520560497, 0.17112238951125375], "r2": [], "weighted_wasserstein": [0.7215187552463219, 0.3515318714640307, 0.46944395157075314, 0.42127192124013846, 0.5392577445561662]}