{"mmd": [0.031226933002471924, 0.013696831651031971, 0.05966011807322502, 0.3280041515827179], "wasserstein": [0.3701488553658713, 0.13094249662899804, 0.3990079824794272, 0.8383377817964629], "energy": [0.18217848983465762, 0.044993721623792726, 0.1856775333236506, 0.22564810326943313], "r2": [0.22040069103240967, 0.02190399169921875, -0.8731406927108765, -10.329294204711914], "weighted_wasserstein": [0.43857323731905257, 0.31060578814288986, 0.42171858355147307, 0.858678683871361]}