{"mmd": [0.3929746150970459, 0.03936774283647537, 0.030653387308120728, 0.019748883321881294, 0.30085232853889465], "wasserstein": [0.5682167705878245, 0.3683643577518213, 0.4666785003144269, 0.12851836088425564, 0.7598777861992576], "energy": [0.14122392377896242, 0.17545910277918111, 0.21741644393686327, 0.058731467355772754, 0.1956563951255137], "r2": [], "weighted_wasserstein": [0.6117013843081649, 0.3568184762275197, 0.49704754582035204, 0.18929575041701782, 0.670008017437336]}