{"mmd": [0.040894780308008194, 0.011469538323581219, 0.04382382705807686, 0.3241901695728302], "wasserstein": [0.3855233626572633, 0.13740653973283926, 0.38058963484622055, 0.7678829325836484], "energy": [0.1816330208006203, 0.05074352834091675, 0.18023938341767776, 0.19193911140736153], "r2": [0.2948828935623169, 0.0114670991897583, -0.6239851713180542, -10.547456741333008], "weighted_wasserstein": [0.4395780442807898, 0.31280962558150704, 0.39884198615753347, 0.794458146858882]}