{"mmd": [0.32020244002342224, 0.03394411876797676, 0.028322527185082436, 0.045795124024152756, 0.2343674898147583], "wasserstein": [0.519089953842906, 0.3527797840454561, 0.4587143615564388, 0.20032161664766307, 0.6898628554298003], "energy": [0.12101926070067452, 0.17891724531625544, 0.20602412068366813, 0.064573955406484, 0.17366007761690525], "r2": [], "weighted_wasserstein": [0.7522665211898082, 0.3616694750722839, 0.5021595683320438, 0.3157505465650463, 0.6406552556497273]}