{"mmd": [0.03378603979945183, 0.013033113442361355, 0.047063421458005905, 0.3308470845222473], "wasserstein": [0.3699113316765866, 0.14254474992821534, 0.38998736217107044, 0.8446850622986402], "energy": [0.1849087519629885, 0.05450555661091125, 0.18466039646752588, 0.21320021234867437], "r2": [0.24914216995239258, 0.029867053031921387, -0.6843501329421997, -11.13949966430664], "weighted_wasserstein": [0.4448601368551253, 0.30815693028021784, 0.4080442981232796, 0.8642089391931623]}