{"mmd": [0.3712034225463867, 0.03567924350500107, 0.02645604871213436, 0.023191193118691444, 0.28382572531700134], "wasserstein": [0.6334564139656156, 0.3697210271954747, 0.454403336511351, 0.14714229442178578, 0.6252541721036308], "energy": [0.15957870324833442, 0.17631992055974946, 0.21441475014300146, 0.05898512871963024, 0.1497622908165015], "r2": [], "weighted_wasserstein": [0.632204709310498, 0.35115103329081254, 0.5017694166262692, 0.2488113637564997, 0.5836691956677038]}