{"mmd": [0.037806469947099686, 0.01394770946353674, 0.034895043820142746, 0.32099175453186035], "wasserstein": [0.3852999324945585, 0.15279446092368973, 0.3635764421040635, 0.6271842690864301], "energy": [0.181361589388172, 0.05360302722921188, 0.17588435214831868, 0.15026349997701907], "r2": [0.27905911207199097, -0.0005534887313842773, -0.5089977979660034, -9.828536033630371], "weighted_wasserstein": [0.4390745560967145, 0.31938364772431005, 0.3815564042178337, 0.6681034293106487]}