{"mmd": [0.22593839466571808, 0.029776429757475853, 0.026945412158966064, 0.0882265642285347, 0.02193680964410305], "wasserstein": [0.4032952372706434, 0.3542715854940399, 0.4774213747039836, 0.21414629881643285, 0.20454228611856076], "energy": [0.1268301923632705, 0.1812476639797509, 0.22020974795482634, 0.05708554617100272, 0.08447473003425009], "r2": []}