{"mmd": [0.03189711645245552, 0.010328181087970734, 0.07829726487398148, 0.03258082643151283], "wasserstein": [0.37295019684516173, 0.13738852249296699, 0.3836739218880148, 0.21802381412857796], "energy": [0.18910469810234848, 0.05328929387654466, 0.1770560029627552, 0.11765905934169092], "r2": [0.24666321277618408, 0.01702040433883667, -0.962164044380188, -0.32622063159942627]}