{"mmd": [0.30196836590766907, 0.0322868637740612, 0.02498445473611355, 0.053561389446258545, 0.2238023281097412], "wasserstein": [0.5041259983608243, 0.35207140387528624, 0.4511526184153069, 0.26035907989337576, 0.5775305946738778], "energy": [0.11717593171057529, 0.17714032311618128, 0.19955876039588544, 0.07713337493407368, 0.14578050307934856], "r2": [], "weighted_wasserstein": [0.5942111580150886, 0.3578682373020346, 0.4961736403717501, 0.2853232367580383, 0.5744488076655644]}