{"mmd": [0.032801467925310135, 0.011673030443489552, 0.04829065874218941, 0.33157357573509216], "wasserstein": [0.3697427971374743, 0.13775378780198236, 0.3943605926051399, 0.7421957062860844], "energy": [0.1831075806373351, 0.05166056177734693, 0.1853920105797273, 0.19292015904702264], "r2": [0.25586891174316406, 0.007175743579864502, -0.7187272310256958, -9.285528182983398], "weighted_wasserstein": [0.436506081857502, 0.3093220623175276, 0.4145576799309627, 0.7633315035909779]}