{"mmd": [0.41499415040016174, 0.031684037297964096, 0.08769992738962173, 0.2493153214454651, 0.3038828372955322], "wasserstein": [1.0265214509588596, 0.3907509166116428, 0.6259047115382305, 0.31850884708907945, 1.014194564259375], "energy": [0.234502354192605, 0.19279658641987588, 0.2309283433813929, 0.09383089865034648, 0.21522514173562224], "r2": []}