{"mmd": [0.3402079641819, 0.03173897787928581, 0.025737792253494263, 0.040009550750255585, 0.2550334632396698], "wasserstein": [0.5107602928140162, 0.35222691231971576, 0.43670392352795606, 0.20900474372179004, 0.6273609531653291], "energy": [0.1247087099404384, 0.17728804527610068, 0.20403491533605925, 0.0691521991780278, 0.16242870975564092], "r2": [], "weighted_wasserstein": [0.6154763847373923, 0.36117439137167, 0.5037417607563368, 0.2690667018873206, 0.5735985410359723]}