{"mmd": [0.032479532063007355, 0.010984641499817371, 0.04593995213508606, 0.3270978033542633], "wasserstein": [0.3694998475533156, 0.12617498383108716, 0.3921814360947344, 0.7558195757350306], "energy": [0.1829209209280729, 0.0478483368411389, 0.18505178941304262, 0.19822444106045087], "r2": [0.25415271520614624, 0.017500698566436768, -0.6620835065841675, -9.710403442382812], "weighted_wasserstein": [0.43554405598074425, 0.3062254949959113, 0.41021716760474786, 0.7837389212379768]}