{"mmd": [0.3244706690311432, 0.046842411160469055, 0.042153894901275635, 0.04492880776524544, 0.24091088771820068], "wasserstein": [0.49456646530366455, 0.3716654598979876, 0.4950599529037951, 0.21734933370291143, 0.6356569812279077], "energy": [0.11706031775370021, 0.17208094545984012, 0.2127103042476965, 0.0612318172385746, 0.16797267974521515], "r2": [], "weighted_wasserstein": [0.634816137149179, 0.35099805273275275, 0.469476220281782, 0.2004656864973299, 0.6864490954138953]}