{"mmd": [0.046595364809036255, 0.013903210870921612, 0.05317363515496254, 0.3298124372959137], "wasserstein": [0.385284575750367, 0.13717042163185136, 0.3936714990838055, 0.7912679634228189], "energy": [0.17642196379066974, 0.05285446142102503, 0.1851877155993249, 0.21574093990716542], "r2": [0.3157377243041992, 0.009006738662719727, -0.8136322498321533, -9.731916427612305], "weighted_wasserstein": [0.433160568355635, 0.29601098523896646, 0.41634173165183047, 0.8162325058100083]}