{"mmd": [0.35339128971099854, 0.04895247146487236, 0.03604463115334511, 0.02489100955426693, 0.2599094808101654], "wasserstein": [0.6140110825135559, 0.38449641692169634, 0.4941352700371773, 0.13839706824291828, 0.7978821667116852], "energy": [0.13911592821867114, 0.17534506948340317, 0.2134123873996035, 0.04096107810737235, 0.19128766637817232], "r2": [], "weighted_wasserstein": [0.8375954127930954, 0.375856810156788, 0.5054067706537062, 0.1498400934214016, 0.8079460963644464]}