{"mmd": [0.049968693405389786, 0.01404255349189043, 0.04428021237254143, 0.3239474296569824], "wasserstein": [0.40335013461857405, 0.14816441291682655, 0.376959472289673, 0.8726891485011397], "energy": [0.1806741458336178, 0.054180687423059405, 0.1792795457318623, 0.20952290599545004], "r2": [0.3203164339065552, -0.02843296527862549, -0.6530431509017944, -12.886882781982422], "weighted_wasserstein": [0.4446195558856656, 0.3195059056713927, 0.39801681970725566, 0.8947339615339347]}