{"mmd": [0.29365360736846924, 0.04203668236732483, 0.040105003863573074, 0.04649880528450012, 0.23416279256343842], "wasserstein": [0.48358993776995707, 0.3622276493041062, 0.4671735689885693, 0.19725212255524555, 0.6441220988144157], "energy": [0.1122963141667672, 0.1782825014063891, 0.20348710251913546, 0.0525527398944908, 0.17360407072081974], "r2": [], "weighted_wasserstein": [0.6154740431745452, 0.36767275811623845, 0.5193632083388432, 0.1480723584525556, 0.7149822074216003]}