{"mmd": [0.04290740564465523, 0.01275382936000824, 0.05102244019508362, 0.3247702121734619], "wasserstein": [0.3785527213110107, 0.13115424248756422, 0.3845499385342976, 0.7245804721703272], "energy": [0.18364289487569185, 0.049873295714281604, 0.1802814248327714, 0.20403822703879876], "r2": [0.25985294580459595, 0.004673004150390625, -0.7158194780349731, -8.17030143737793], "weighted_wasserstein": [0.43574436676558564, 0.2985209585177681, 0.4064710243337148, 0.7528179909985966]}