{"mmd": [0.35304319858551025, 0.03374398127198219, 0.028944561257958412, 0.035110123455524445, 0.2668665945529938], "wasserstein": [0.5625089355715829, 0.3712615231045199, 0.47348121503351415, 0.12384663698822013, 0.637120925991849], "energy": [0.13688210878289006, 0.1845160086578998, 0.21166849701364088, 0.042919113814504015, 0.15894644945588413], "r2": [], "weighted_wasserstein": [0.643074091703829, 0.36553209023431266, 0.4984594417527333, 0.19699338283158288, 0.6188938098582127]}