{"mmd": [0.03389504551887512, 0.01171551551669836, 0.053405359387397766, 0.3272062838077545], "wasserstein": [0.387335042894858, 0.1443036302951048, 0.3993989548970194, 0.6895054639739913], "energy": [0.1901818297088952, 0.05372147189899601, 0.188161989060565, 0.17294243456013714], "r2": [0.24053215980529785, 0.02760213613510132, -0.8065861463546753, -9.113621711730957], "weighted_wasserstein": [0.4432661124426227, 0.3097697624669997, 0.4221530527137238, 0.7119169395262246]}