{"mmd": [0.32362833619117737, 0.03714646026492119, 0.027190426364541054, 0.028996190056204796, 0.25907841324806213], "wasserstein": [0.45991417560324144, 0.3673463386042751, 0.45878346203680775, 0.14510956200297304, 0.6433012962499282], "energy": [0.11507448192398838, 0.17009104105606243, 0.21533864146943368, 0.04934450015410516, 0.17717380940883576], "r2": [], "weighted_wasserstein": [0.6451107160927263, 0.34931645130026173, 0.47130025451100277, 0.13129227922512055, 0.6603257399088664]}