{"mmd": [0.0408606119453907, 0.013330970890820026, 0.042218416929244995, 0.3291808068752289], "wasserstein": [0.38361089875305127, 0.1397835608804751, 0.3805610353248505, 0.7411090160874294], "energy": [0.17476832169231732, 0.05172853501699834, 0.180319736644266, 0.20609841442303312], "r2": [0.28686434030532837, -0.0010672807693481445, -0.631924033164978, -8.153437614440918], "weighted_wasserstein": [0.43074517455657296, 0.30468060615823556, 0.39780126580074904, 0.7602803668545345]}