{"mmd": [0.38384976983070374, 0.028035810217261314, 0.06381046026945114, 0.2567921578884125, 0.2725405693054199], "wasserstein": [1.0812399046349996, 0.38902465756592136, 0.5526825229572386, 0.3363416698954054, 1.2535534739652137], "energy": [0.20205723471934425, 0.19160562007309676, 0.20435884419569544, 0.09857736542679046, 0.22365254680624974], "r2": []}