{"mmd": [0.3742009699344635, 0.035968128591775894, 0.07842954993247986, 0.08763095736503601, 0.12433234602212906], "wasserstein": [0.593429739628219, 0.3994750872248768, 0.6288075771644084, 0.18614825610482721, 0.2853296200955634], "energy": [0.21372799621644833, 0.1960521642841332, 0.23539517009898236, 0.0736190885189718, 0.11850640327123063], "r2": [], "weighted_wasserstein": [0.696317912528976, 0.40934967833869407, 0.5577123079231493, 0.3150955822711293, 0.49789124923145506]}