{"mmd": [0.04071266949176788, 0.009274274110794067, 0.08364784717559814, 0.036148373037576675], "wasserstein": [0.4050450266805244, 0.12910006573830193, 0.37629389181815087, 0.2165397206886823], "energy": [0.19681715196630306, 0.05196273955968156, 0.17427875878425736, 0.11734540691514136], "r2": [0.2765713930130005, 0.05691927671432495, -1.0517616271972656, -0.3801460266113281], "weighted_wasserstein": [0.4598961514221929, 0.2875190617336702, 0.39293523937660263, 0.22837440455897598]}