{"mmd": [0.37349048256874084, 0.039031825959682465, 0.03245343267917633, 0.02120816893875599, 0.2904449701309204], "wasserstein": [0.5246263630174951, 0.3617024965831464, 0.49665262144680483, 0.11822680358274518, 0.7568214470385146], "energy": [0.13202792317029172, 0.17098356148468005, 0.21792793821549986, 0.045427258302679664, 0.20583586485855004], "r2": [], "weighted_wasserstein": [0.6266781840435266, 0.36870164135843164, 0.4959878721262631, 0.14776607520879137, 0.7349482010941346]}