{"mmd": [0.04146833345293999, 0.010663262568414211, 0.04463501647114754, 0.328963965177536], "wasserstein": [0.3815201252538345, 0.1346993054921862, 0.3825581364461116, 0.7690464900731889], "energy": [0.17650309223869187, 0.0508534698589872, 0.18115012025161198, 0.2184998830439651], "r2": [0.28771525621414185, 0.034400761127471924, -0.6697250604629517, -8.875222206115723], "weighted_wasserstein": [0.4352854861425035, 0.30858283424169053, 0.40062797484505525, 0.7969267685971261]}