{"mmd": [0.3241980969905853, 0.04145652428269386, 0.0337037518620491, 0.04345489665865898, 0.22947965562343597], "wasserstein": [0.6079518640759823, 0.3732191124139613, 0.4627896599561854, 0.2009843609111907, 0.7440078190243786], "energy": [0.13278271179749063, 0.17747469087812714, 0.19563925812710753, 0.056846179028187734, 0.17207704742895205], "r2": [], "weighted_wasserstein": [1.020470501168819, 0.3627864354398579, 0.5018767491139163, 0.3685810604426588, 0.7974160007654816]}