{"mmd": [0.043072521686553955, 0.012846850790083408, 0.08596780151128769, 0.3162069618701935], "wasserstein": [0.3919781545405323, 0.12815909368492753, 0.4249620110151179, 0.7927200431623002], "energy": [0.1843296312272921, 0.04784986099496355, 0.18872906566589526, 0.2049344783081078], "r2": [0.30447518825531006, -0.010706901550292969, -1.3589308261871338, -10.366588592529297], "weighted_wasserstein": [0.4504369739761726, 0.30646965384771974, 0.45132784502855067, 0.816571387139111]}