{"mmd": [0.36818575859069824, 0.02667933888733387, 0.05146433413028717, 0.19096408784389496, 0.2582310438156128], "wasserstein": [1.1982867079729291, 0.36622143220382203, 0.5053387062004207, 0.39058535820444595, 1.1077159848086418], "energy": [0.2389835821537702, 0.1861003110065842, 0.19139187762871485, 0.10264821592081516, 0.21144606792936563], "r2": [], "weighted_wasserstein": [1.3167888688416327, 0.3477093075867996, 0.49095294797808664, 0.3923909799647477, 1.0973011731725058]}