{"mmd": [0.35136714577674866, 0.051857348531484604, 0.06688927859067917, 0.046243444085121155, 0.2807137072086334], "wasserstein": [0.46326921136741084, 0.3680408089073245, 0.5201356408737867, 0.17397271419561536, 0.6852875240656757], "energy": [0.11957844552515778, 0.16946872000760504, 0.21330434886773997, 0.06956635024511876, 0.186719464756784], "r2": [], "weighted_wasserstein": [0.5797225300788711, 0.36798270766035385, 0.48779103344107894, 0.2191360348142016, 0.6480448539838641]}