{"mmd": [0.053207844495773315, 0.013187249191105366, 0.0456882119178772, 0.33005189895629883], "wasserstein": [0.3918093960007251, 0.1534675504362984, 0.3789982008642741, 0.7918714985416319], "energy": [0.17902896334010995, 0.05471990431993503, 0.18075280995209894, 0.212913687689132], "r2": [0.33390021324157715, 0.1195334792137146, -0.6698018312454224, -9.953699111938477], "weighted_wasserstein": [0.44781030996694815, 0.3048421937109489, 0.3981917737236471, 0.8180474830993998]}