{"mmd": [0.3915046751499176, 0.04777016118168831, 0.043822240084409714, 0.01586817018687725, 0.2977195680141449], "wasserstein": [0.6002796691228838, 0.3726410867484139, 0.5089001700724954, 0.12438114180631524, 0.7812235284181202], "energy": [0.14384926359084801, 0.17233758872890048, 0.22174340586735802, 0.050829302824782166, 0.18867975812917626], "r2": [], "weighted_wasserstein": [0.7031654756627825, 0.3644189808704614, 0.4948961135140503, 0.16065421857891968, 0.7259983022021916]}