{"mmd": [0.04955560341477394, 0.01111347135156393, 0.04386468604207039, 0.3288991153240204], "wasserstein": [0.39029100336235395, 0.1376545424697247, 0.37591199650400214, 0.7811646899954269], "energy": [0.17847112843604088, 0.051562042196223457, 0.1795104251097724, 0.1922386219262052], "r2": [0.32147037982940674, 0.036171674728393555, -0.6423438787460327, -10.745584487915039], "weighted_wasserstein": [0.44174682273977284, 0.29692500007659134, 0.39498069830919413, 0.8040425931625566]}