{"mmd": [0.33309245109558105, 0.037248630076646805, 0.028968846425414085, 0.03307243064045906, 0.25041913986206055], "wasserstein": [0.5295064444627927, 0.364367645259764, 0.46532462102628064, 0.1601842776696102, 0.7174254335463077], "energy": [0.1279605761064153, 0.1798763897095385, 0.21428077762408487, 0.05531413878251213, 0.18257164896533212], "r2": [], "weighted_wasserstein": [0.6953197707164813, 0.3650125478148059, 0.5025581164387379, 0.20057676396369145, 0.7052301271588142]}