{"mmd": [0.03742454946041107, 0.011020738631486893, 0.04677055776119232, 0.32645532488822937], "wasserstein": [0.38200131914066954, 0.14479370659466972, 0.38442744517224225, 0.7883796920378141], "energy": [0.18590287917016607, 0.05113732959191138, 0.18172908495739817, 0.20289845993194724], "r2": [0.26564401388168335, 0.030255436897277832, -0.6998770236968994, -10.252007484436035], "weighted_wasserstein": [0.445013847768062, 0.304251324354415, 0.40380570262163157, 0.8086539122988503]}