{"mmd": [0.3151520788669586, 0.04011289402842522, 0.03581700101494789, 0.036078304052352905, 0.24667279422283173], "wasserstein": [0.4770523183281393, 0.34497872406732527, 0.45995700850055166, 0.16132939548818362, 0.7104048345968373], "energy": [0.11750499448337963, 0.1685224490943503, 0.20379285946068196, 0.05437310550180792, 0.183515787240913], "r2": [], "weighted_wasserstein": [0.712938132357879, 0.33066581050425636, 0.45723515719362456, 0.16752602513845413, 0.7474349627950457]}