{"mmd": [0.03895789384841919, 0.012886201031506062, 0.04498519375920296, 0.3291710317134857], "wasserstein": [0.3611838657640315, 0.12627061353840568, 0.382612565049519, 0.8273530928465455], "energy": [0.17164236556354748, 0.04603767286902939, 0.18067965776710032, 0.23115769510505174], "r2": [0.2658793330192566, -0.00757753849029541, -0.6719561815261841, -9.435968399047852], "weighted_wasserstein": [0.42359753740110906, 0.29797097912151194, 0.4015144351862804, 0.8479477214739541]}