{"mmd": [0.3858449459075928, 0.025971272960305214, 0.06646379828453064, 0.21808147430419922, 0.2752844989299774], "wasserstein": [1.0438589436157741, 0.3640152390769036, 0.5731865811455807, 0.32510538303853737, 1.2785209665398931], "energy": [0.23472640367528627, 0.1842138762942333, 0.2173871042027387, 0.09314722647257451, 0.26844361174311293], "r2": [], "weighted_wasserstein": [1.1739391246533901, 0.37003604762225434, 0.5020307027899732, 0.3326131403142759, 1.145168257882502]}