{"mmd": [0.36821842193603516, 0.033776961266994476, 0.03125026077032089, 0.022348791360855103, 0.29905471205711365], "wasserstein": [0.4268907847914342, 0.35715363581854015, 0.46580591827202555, 0.11155124432500908, 0.6471024561542423], "energy": [0.11739844941004614, 0.1797610353560048, 0.20798497379706465, 0.04090533607443628, 0.18477718255873365], "r2": [], "weighted_wasserstein": [0.5354785453405997, 0.35463779120462713, 0.49414090184883996, 0.1664034388929941, 0.6198955129385892]}