{"mmd": [0.03360521420836449, 0.013369877822697163, 0.05307667329907417, 0.3255346417427063], "wasserstein": [0.37253170772560357, 0.12103685031945394, 0.40756130535669155, 0.6935013673549717], "energy": [0.18433524921716649, 0.04935440721658096, 0.18817264250381927, 0.20804965944091025], "r2": [0.24558711051940918, -0.007932543754577637, -0.7797820568084717, -6.901111602783203], "weighted_wasserstein": [0.4424317868740594, 0.3071735260398598, 0.427421276690636, 0.7183820667929951]}