{"mmd": [0.20819677412509918, 0.03498927131295204, 0.03200049698352814, 0.0702856034040451, 0.020436663180589676], "wasserstein": [0.3332588249316982, 0.3693913758648437, 0.4708971566830061, 0.13260560881342814, 0.1535382373925174], "energy": [0.13057560527702844, 0.1832911411805846, 0.21096188558944426, 0.049960770667767794, 0.09372025614774591], "r2": []}