{"mmd": [0.3832360506057739, 0.034828994423151016, 0.03001721203327179, 0.020006226375699043, 0.29403072595596313], "wasserstein": [0.5564517164742511, 0.36171595251326677, 0.489672712489005, 0.14159492940522506, 0.7006709671842503], "energy": [0.13013279867260058, 0.17381548375894526, 0.21505895795110944, 0.04351370260367677, 0.17150361320089383], "r2": [], "weighted_wasserstein": [0.6855630688906028, 0.37186382608658164, 0.5227502048407004, 0.18013783672380887, 0.6929561220624123]}