{"mmd": [0.03673708438873291, 0.011738501489162445, 0.04111931100487709, 0.3284965455532074], "wasserstein": [0.3805971188200955, 0.14132964676812618, 0.3813410910876002, 0.7327964291531402], "energy": [0.180958157714277, 0.04983057015197057, 0.1821592317554645, 0.18692294074772642], "r2": [0.2720756530761719, -0.010004281997680664, -0.6025420427322388, -9.164525032043457], "weighted_wasserstein": [0.4381024445293698, 0.3131445346522612, 0.40036429856132194, 0.7574214051079393]}