{"mmd": [0.22313208878040314, 0.07856426388025284, 0.11454799026250839, 0.019179044291377068, 0.042528267949819565], "wasserstein": [0.3146998596673663, 0.4327891735311294, 0.6317306795155355, 0.1145169896600651, 0.2311167777796135], "energy": [0.13708618229847505, 0.18882480828527987, 0.23936302290305608, 0.0529432067274837, 0.12197480718075254], "r2": []}