{"mmd": [0.412263423204422, 0.05405576154589653, 0.060288507491350174, 0.012468884699046612, 0.3165680170059204], "wasserstein": [0.5407632525085728, 0.37897285486220816, 0.5066377069078309, 0.09912876456183622, 0.8203980648450012], "energy": [0.13591140065163845, 0.17028137426716167, 0.22031153300639192, 0.04430854453776339, 0.20803042378191772], "r2": [], "weighted_wasserstein": [0.6686722614390039, 0.3454790281123552, 0.47184712777070303, 0.13384847274251208, 0.7285203365337959]}