{"mmd": [0.34932172298431396, 0.035302307456731796, 0.03003527969121933, 0.025487380102276802, 0.2607772648334503], "wasserstein": [0.5810661630250223, 0.3577526209071911, 0.4704441846368399, 0.12211251592478642, 0.6574608053648203], "energy": [0.13359029023323685, 0.17452534919739746, 0.2091901188511569, 0.035383309142231756, 0.16803721835875923], "r2": [], "weighted_wasserstein": [0.8711339556033939, 0.3793881148830978, 0.5408412076003025, 0.20746536817570665, 0.6896706154267572]}