{"mmd": [0.03846944496035576, 0.012839694507420063, 0.050763797014951706, 0.32337918877601624], "wasserstein": [0.37877301327198987, 0.13965368755260438, 0.3875532415187304, 0.6863840461998744], "energy": [0.18120673130696172, 0.04991963733707367, 0.18219696306528846, 0.171894791487457], "r2": [0.2593878507614136, 0.010441958904266357, -0.7447116374969482, -9.525442123413086], "weighted_wasserstein": [0.43215996375090115, 0.31099932361335264, 0.4083827964890948, 0.71653260138577]}