{"mmd": [0.055231302976608276, 0.014106650836765766, 0.04627238214015961, 0.32645270228385925], "wasserstein": [0.39639483019399674, 0.12945749179991103, 0.37521209429490254, 0.824370454077382], "energy": [0.17519292881574478, 0.052716083125996065, 0.18009557482619992, 0.20874275310097448], "r2": [0.3394432067871094, 0.02142965793609619, -0.6640781164169312, -11.037867546081543], "weighted_wasserstein": [0.43522470391950613, 0.2938067011191878, 0.39508521299368926, 0.8518081680221304]}