{"mmd": [0.32143834233283997, 0.03444058820605278, 0.03071027435362339, 0.03996242955327034, 0.2251863032579422], "wasserstein": [0.6637505777400289, 0.360528538653919, 0.4707630871727676, 0.1964808177761475, 0.6243950588575322], "energy": [0.15124901441497143, 0.17221034936022103, 0.20380852048904335, 0.05523404906323112, 0.14221420693970954], "r2": [], "weighted_wasserstein": [0.7946136142526038, 0.3553566039325688, 0.4987602028531155, 0.3118487012156227, 0.6091071175358546]}