{"mmd": [0.03589557483792305, 0.012513789348304272, 0.06081082299351692, 0.324724406003952], "wasserstein": [0.3790836278520051, 0.12545478569063062, 0.4014049528011103, 0.7040886649211632], "energy": [0.17834626599981931, 0.04699370637418015, 0.18748792052485402, 0.16684086706730744], "r2": [0.2720448970794678, -0.029001355171203613, -0.9429179430007935, -10.76099967956543], "weighted_wasserstein": [0.4385362406935433, 0.31597375584688703, 0.42551051588244715, 0.7360424083281589]}