{"mmd": [0.32028934359550476, 0.03464396297931671, 0.027925333008170128, 0.04650742933154106, 0.24759463965892792], "wasserstein": [0.4568346817540034, 0.35240602072340027, 0.4610787195752425, 0.20783275398263643, 0.5950052697061158], "energy": [0.11557082382721762, 0.17361794845646428, 0.21039636986365087, 0.06363699672015005, 0.16415751868385944], "r2": [], "weighted_wasserstein": [0.5709362746949844, 0.3589761942785017, 0.5045384981745453, 0.24975605403868098, 0.5703208171158171]}