{"mmd": [0.03532448783516884, 0.011560062877833843, 0.046449363231658936, 0.33023717999458313], "wasserstein": [0.3689931222160236, 0.13026795601958913, 0.38709376622252956, 0.7006489684852092], "energy": [0.18070328458672466, 0.04845443174218052, 0.18393794399830318, 0.18522495236322747], "r2": [0.2701371908187866, 0.027111351490020752, -0.6632285118103027, -8.660802841186523], "weighted_wasserstein": [0.43639284720487637, 0.2980761290593892, 0.4060894220125199, 0.7336490546007014]}