{"mmd": [0.3668835163116455, 0.03587675467133522, 0.0297204852104187, 0.020054848864674568, 0.29546478390693665], "wasserstein": [0.459684696434479, 0.36394924450850763, 0.4665402460348995, 0.10420275381619476, 0.7844410257970368], "energy": [0.12264929598158227, 0.1759486211900898, 0.2127433893104158, 0.03938175431845762, 0.22071577756941294], "r2": [], "weighted_wasserstein": [0.605816447381638, 0.36666549955836164, 0.4713057048120983, 0.13726129499603817, 0.6994199956883725]}