{"mmd": [0.03749949857592583, 0.012342303991317749, 0.04279547557234764, 0.3263215720653534], "wasserstein": [0.3818808618255258, 0.1243177190781765, 0.38620449757483105, 0.8162181001328215], "energy": [0.1820715112338602, 0.04899971692857862, 0.18197595006989145, 0.2295756672367801], "r2": [0.2622488737106323, 0.015276789665222168, -0.6246553659439087, -8.81643009185791], "weighted_wasserstein": [0.440427223141145, 0.3029581533621174, 0.40464919027459023, 0.8355180396755175]}