{"mmd": [0.30155596137046814, 0.035024244338274, 0.028035415336489677, 0.04011419788002968, 0.2227519005537033], "wasserstein": [0.6970479242627132, 0.3691848941846828, 0.4776187852775043, 0.3130624493651539, 0.6688106734119513], "energy": [0.13548777969431736, 0.1829862987483541, 0.2026494651038321, 0.07476474231692203, 0.12708218918998157], "r2": [], "weighted_wasserstein": [0.5716316571024724, 0.3661329441599757, 0.5177026280683661, 0.18714422174036208, 0.5994544892448072]}