{"mmd": [0.03592145815491676, 0.01164187490940094, 0.04727370664477348, 0.32961687445640564], "wasserstein": [0.3858805063777534, 0.15512349020304353, 0.39032930490141404, 0.6631050692280778], "energy": [0.18756840081527337, 0.056197605466667286, 0.1832716144497127, 0.1745908084037759], "r2": [0.2642948627471924, 0.034830451011657715, -0.6780471801757812, -7.644918441772461], "weighted_wasserstein": [0.4457278215576787, 0.3184552861732304, 0.40804285554116426, 0.6815165858104569]}