{"mmd": [0.38373854756355286, 0.04522567614912987, 0.038783784955739975, 0.018596088513731956, 0.29723429679870605], "wasserstein": [0.5051809677060037, 0.3691310351079864, 0.47938781810768444, 0.10535436098905601, 0.6953575601297974], "energy": [0.12867298178879405, 0.1721010106976047, 0.2103351315493307, 0.037837417203030514, 0.19010267588051963], "r2": [], "weighted_wasserstein": [0.5759644933778634, 0.3639696176892586, 0.47442271547151743, 0.16813580941672382, 0.6110977597876354]}