{"mmd": [0.048002660274505615, 0.013485499657690525, 0.045964229851961136, 0.3225457966327667], "wasserstein": [0.3898908613543043, 0.12792421497319614, 0.38045598034067524, 0.7282485832056199], "energy": [0.17979161486498021, 0.0507283290419412, 0.18066149976222212, 0.19341971404132877], "r2": [0.3115488290786743, -0.003224492073059082, -0.652259111404419, -8.871964454650879], "weighted_wasserstein": [0.4387163649334197, 0.3049759959836663, 0.40170953463602055, 0.7538173481691576]}