{"mmd": [0.2867772579193115, 0.03426744416356087, 0.02715660072863102, 0.05143740773200989, 0.21111269295215607], "wasserstein": [0.5923138164692843, 0.3525733396848778, 0.4619714561160737, 0.31810539919087505, 0.6786027035499561], "energy": [0.11975120331146874, 0.17775962487986496, 0.1985370776994841, 0.0884071210048817, 0.14588325941779895], "r2": [], "weighted_wasserstein": [0.5994900528921009, 0.3657148472931491, 0.5056416052143023, 0.2096540208715405, 0.7021662925464373]}