{"mmd": [0.034745994955301285, 0.011648696847259998, 0.048521917313337326, 0.32627296447753906], "wasserstein": [0.3701305825783066, 0.1453759409695591, 0.39536538609431937, 0.8187099053866944], "energy": [0.18398699563449267, 0.05246800001522898, 0.18734894095611498, 0.24020011404645153], "r2": [0.26273781061172485, 0.03543144464492798, -0.7137241363525391, -8.600932121276855], "weighted_wasserstein": [0.4415621884719084, 0.29990213599327487, 0.41640538946248884, 0.8336752426098759]}