{"mmd": [0.3692716360092163, 0.034744665026664734, 0.03356780484318733, 0.04565794765949249, 0.2837089002132416], "wasserstein": [0.4959778761579032, 0.3589343480251488, 0.4513584769621916, 0.13351035714623438, 0.7384549803486588], "energy": [0.12546131902441168, 0.18229270446586845, 0.1932952928817304, 0.052534434754307004, 0.19355727592184221], "r2": [], "weighted_wasserstein": [0.6535185431350923, 0.3610367376506925, 0.4981372784882121, 0.1708762911908548, 0.7212366940419632]}