{"mmd": [0.03394324705004692, 0.011419733054935932, 0.0472823865711689, 0.3287595510482788], "wasserstein": [0.3708853858092976, 0.14144947211960504, 0.39108776641535814, 0.8176846122260679], "energy": [0.1870893356841537, 0.05303465429763872, 0.1853835865930179, 0.21125678144047463], "r2": [0.2609948515892029, 0.032379150390625, -0.6615525484085083, -10.750452995300293], "weighted_wasserstein": [0.44431370605656234, 0.3051270202558376, 0.41013621258637467, 0.8422122467698429]}