{"mmd": [0.3239959478378296, 0.026015164330601692, 0.07476649433374405, 0.2185411900281906, 0.21295519173145294], "wasserstein": [2.0952427558530555, 0.36980547172270073, 0.5851972633188958, 0.8449598142002781, 2.0492167674762096], "energy": [0.28141454299375585, 0.18482172720935983, 0.20486342146279846, 0.14682962599613428, 0.283657332661917], "r2": []}