{"mmd": [0.2701752483844757, 0.03443523868918419, 0.025675781071186066, 0.0734650120139122, 0.19289083778858185], "wasserstein": [0.5663727871032054, 0.36621309102622135, 0.46009855122698173, 0.2607729805456695, 0.551917135080401], "energy": [0.14285679857716, 0.174816752797712, 0.1986715807065262, 0.08492681460290331, 0.13369000506985482], "r2": [], "weighted_wasserstein": [0.7930202494862824, 0.36143229587379083, 0.46739008910565205, 0.2418367615798646, 0.6086168873778273]}