{"mmd": [0.035347845405340195, 0.011949528940021992, 0.07499295473098755, 0.32002389430999756], "wasserstein": [0.38390775348594813, 0.12451899426808712, 0.4167102382948985, 0.6941552144388489], "energy": [0.1804482622905444, 0.05220295293447059, 0.1916751949261565, 0.17457097981630942], "r2": [0.2730455994606018, -0.003879070281982422, -1.142850399017334, -9.398431777954102], "weighted_wasserstein": [0.44183045108511876, 0.2917219594474235, 0.4450892627347306, 0.7256839104362338]}