{"mmd": [0.2881383001804352, 0.03309239447116852, 0.025842294096946716, 0.047232311218976974, 0.21471603214740753], "wasserstein": [0.6535347229810926, 0.34002226573950173, 0.45504928748955753, 0.3167201361010427, 0.6513527242023106], "energy": [0.12645005179829447, 0.17188466198705526, 0.19727670656725516, 0.07965949309242325, 0.1284468572780394], "r2": [], "weighted_wasserstein": [0.5416418017997102, 0.3416965824087217, 0.4850538951840684, 0.18351168173326562, 0.6303372530627597]}