{"mmd": [0.032945919781923294, 0.012324129231274128, 0.04805085435509682, 0.328419953584671], "wasserstein": [0.35557770655039245, 0.12824332917040157, 0.39070371467985676, 0.6816625330680935], "energy": [0.17748183489888406, 0.04814910935589595, 0.1838424837744464, 0.1856289225644547], "r2": [0.24243378639221191, -0.01473534107208252, -0.7517030239105225, -7.584157943725586], "weighted_wasserstein": [0.42670917437529216, 0.3049722377264659, 0.41150916118464637, 0.697384878367099]}