{"mmd": [0.28137752413749695, 0.03828708827495575, 0.032837722450494766, 0.05390842631459236, 0.20499420166015625], "wasserstein": [0.5467243974178837, 0.3488136646927515, 0.49204950241490086, 0.2258849848339406, 0.6508391769040557], "energy": [0.12194071376883463, 0.16792179835279247, 0.21319858088568133, 0.0660292057687463, 0.15384914499055494], "r2": [], "weighted_wasserstein": [0.7486326602794711, 0.34632662282463367, 0.4924780587389076, 0.18094672164497388, 0.7403679973159866]}