{"mmd": [0.038156285881996155, 0.011703548021614552, 0.050681184977293015, 0.3292781412601471], "wasserstein": [0.3667113019374985, 0.1331475320984376, 0.38722370679303747, 0.8041840082606031], "energy": [0.17448566068060536, 0.048814748695096, 0.18320824662904672, 0.20595800274137172], "r2": [0.2736815810203552, 0.0005562901496887207, -0.7398998737335205, -10.947646141052246], "weighted_wasserstein": [0.43114369113874684, 0.3111717100399639, 0.40814967538533664, 0.8315255836794921]}