{"mmd": [0.19564330577850342, 0.030397281050682068, 0.026850447058677673, 0.09129496663808823, 0.021668815985322], "wasserstein": [0.30577203231689, 0.36905380292337253, 0.45829071120656917, 0.15449940799703651, 0.16237357253946516], "energy": [0.11943135789115786, 0.1863030214047116, 0.21314003182262314, 0.051581195728981254, 0.09877629610021926], "r2": []}