{"mmd": [0.3695079982280731, 0.025509847328066826, 0.06133411452174187, 0.20483464002609253, 0.2589941918849945], "wasserstein": [1.1259177038417247, 0.34843238460961773, 0.552278176257608, 0.44850826502635105, 1.2921231838981935], "energy": [0.22388611458124277, 0.1748245630153543, 0.20035164575159878, 0.09904341646534079, 0.2624350222453323], "r2": [], "weighted_wasserstein": [1.857214830339726, 0.36836028032540313, 0.6043893797704237, 0.6298606611799928, 1.4398132345126144]}