{"mmd": [0.030435120686888695, 0.01139670331031084, 0.04104192927479744, 0.3270534574985504], "wasserstein": [0.35795636203276227, 0.1490213768517344, 0.36929342169317975, 0.8213968738423061], "energy": [0.17671536711846947, 0.05463224723880816, 0.18174402891071273, 0.2300746202681247], "r2": [0.2334519624710083, 0.018185675144195557, -0.57152259349823, -8.897439956665039], "weighted_wasserstein": [0.4305119344819413, 0.3128125754322736, 0.393258104606381, 0.8315028331569105]}