{"mmd": [0.39170241355895996, 0.05287700891494751, 0.03956189379096031, 0.019534297287464142, 0.31004711985588074], "wasserstein": [0.5089292810436546, 0.3965073625543953, 0.5190235731678765, 0.13537615532443742, 0.7425149648549603], "energy": [0.13362296742297972, 0.18037093974343293, 0.22581453236894516, 0.05460401529089632, 0.20372785955721542], "r2": [], "weighted_wasserstein": [0.5386725133730056, 0.4026224768034272, 0.521667082089184, 0.16780025040066257, 0.7123142582520776]}