{"mmd": [0.05606088414788246, 0.012134652584791183, 0.04208983853459358, 0.3302442729473114], "wasserstein": [0.4176029322444003, 0.1396415935772665, 0.3788505666537309, 0.734272118002784], "energy": [0.18859347214249061, 0.052069181226617633, 0.1807811072703887, 0.19889048503448528], "r2": [0.3375557065010071, -0.0026270151138305664, -0.6132967472076416, -8.699050903320312], "weighted_wasserstein": [0.45759754387853824, 0.31159379256649766, 0.39670232800147226, 0.7548976549980895]}