{"mmd": [0.2966494560241699, 0.031707435846328735, 0.024380655959248543, 0.0600559301674366, 0.2213372439146042], "wasserstein": [0.4726889221179199, 0.34848439867701536, 0.4561781871723732, 0.22499928807169034, 0.6556400963656844], "energy": [0.11428602371279917, 0.17443960874508377, 0.2040610525092684, 0.06945108566576269, 0.17095585156454837], "r2": [], "weighted_wasserstein": [0.5977066734658469, 0.35484619196555583, 0.48673506774256625, 0.24970817065913672, 0.6435334494709657]}