{"mmd": [0.03202125430107117, 0.01181670743972063, 0.04719363525509834, 0.3262532949447632], "wasserstein": [0.3653543765523381, 0.1390155611718533, 0.39405102696771105, 0.8297365121398477], "energy": [0.18026855826906826, 0.052229760668251794, 0.18458996314824694, 0.21396516909753543], "r2": [0.25376951694488525, 0.017253577709197998, -0.69203782081604, -11.357701301574707], "weighted_wasserstein": [0.4341238899711778, 0.3098149837008352, 0.41402291150538045, 0.8575965820090139]}