{"mmd": [0.2647540271282196, 0.035180944949388504, 0.03467778488993645, 0.0640358030796051, 0.18845777213573456], "wasserstein": [0.7706275469212257, 0.3583585955219205, 0.4808063833352413, 0.3480782174660154, 0.7709805404071941], "energy": [0.14404926479383834, 0.17423587372149937, 0.20205024537229055, 0.08534428649443199, 0.1378153543979065], "r2": [], "weighted_wasserstein": [0.7763810273972084, 0.3425922579618713, 0.45113322820470053, 0.2966999120910931, 0.6965333004553871]}