{"mmd": [0.037321340292692184, 0.013551305048167706, 0.06625840812921524, 0.3216817080974579], "wasserstein": [0.37339825573628616, 0.1378756908005494, 0.4059097519446844, 0.7921082480226332], "energy": [0.17882522084534094, 0.053505097751740255, 0.18812114098860547, 0.22632247521822174], "r2": [0.26541608572006226, 0.016802728176116943, -0.9782246351242065, -8.334131240844727], "weighted_wasserstein": [0.42790941652567144, 0.31853654268272136, 0.43423262346212693, 0.8090553078336447]}