{"mmd": [0.4274749755859375, 0.02685548923909664, 0.06518227607011795, 0.2346295565366745, 0.3162996470928192], "wasserstein": [0.8971341201201948, 0.36140073240628656, 0.5744102760229182, 0.2909457241966272, 1.0858410275921506], "energy": [0.18484728705956363, 0.18116310450184914, 0.21671385991422432, 0.09099827734760982, 0.21787030423739417], "r2": []}