{"mmd": [0.030710414052009583, 0.010092057287693024, 0.04587249085307121, 0.3298107087612152], "wasserstein": [0.36102061959730525, 0.12285747133219829, 0.39075036198279844, 0.7369957062240571], "energy": [0.18093344288095842, 0.05006933377670102, 0.18416674197403196, 0.19927282181091446], "r2": [0.22502338886260986, 0.06165963411331177, -0.6733424663543701, -8.725814819335938]}