{"mmd": [0.40523800253868103, 0.04413366690278053, 0.04071230813860893, 0.021190369501709938, 0.3202567994594574], "wasserstein": [0.5309112123125909, 0.37867800730108303, 0.47172345027487134, 0.11022381626003513, 0.7671851738266993], "energy": [0.13697901196753476, 0.17781611390586904, 0.2160046041729944, 0.04710533192908477, 0.22064139805639635], "r2": [], "weighted_wasserstein": [0.6101920710821095, 0.33725039459120315, 0.4591284301907018, 0.11738159221732143, 0.7306146172814536]}