{"mmd": [0.045023854821920395, 0.012955847196280956, 0.04003680869936943, 0.32383617758750916], "wasserstein": [0.39143030908623155, 0.13187459992529998, 0.3735642106753452, 0.8191020680961201], "energy": [0.18101510148698013, 0.05277656496206478, 0.17784657422237285, 0.2188437907626531], "r2": [0.30531376600265503, 0.019299745559692383, -0.5767159461975098, -9.818869590759277], "weighted_wasserstein": [0.4365488244843729, 0.2970503600681027, 0.3940061078768604, 0.8374383929657655]}