{"mmd": [0.32889559864997864, 0.03651488199830055, 0.02611534297466278, 0.03570738807320595, 0.24611829221248627], "wasserstein": [0.4782276325250548, 0.3585200816788393, 0.4452474388952887, 0.1545025685142684, 0.6938626304970338], "energy": [0.11757457470587819, 0.17108098897293478, 0.20640381692119397, 0.0429513345586836, 0.18761596016554657], "r2": [], "weighted_wasserstein": [0.6345878551418078, 0.35951299726095026, 0.48714468141022205, 0.2984110870430756, 0.5878269106827744]}