{"mmd": [0.03782554343342781, 0.014462821185588837, 0.05148347094655037, 0.32932019233703613], "wasserstein": [0.37797640331835425, 0.12198510526397408, 0.3917143041650537, 0.8130838379717096], "energy": [0.177857530929955, 0.0471848614113294, 0.1844903430502645, 0.21751542090152848], "r2": [0.27381229400634766, -0.03393900394439697, -0.7742050886154175, -9.562638282775879], "weighted_wasserstein": [0.43705847996112, 0.30843470792514677, 0.41235479264209385, 0.8307422062803219]}