{"mmd": [0.28766441345214844, 0.0348600335419178, 0.028395876288414, 0.06034534052014351, 0.20749419927597046], "wasserstein": [0.5673321916774899, 0.3642859022074766, 0.4812594548368543, 0.25978945128277336, 0.5735402066883183], "energy": [0.13319978039123076, 0.18013342284575468, 0.2062055649221298, 0.07791456859707244, 0.13091903609163513], "r2": [], "weighted_wasserstein": [0.6931903344900936, 0.3678956776637904, 0.48646799313638955, 0.2401119090180579, 0.6137858590288173]}