{"mmd": [0.034629061818122864, 0.011641805060207844, 0.05515911057591438, 0.32513943314552307], "wasserstein": [0.3813241244829381, 0.13869138141281429, 0.3992735336452801, 0.7291623999654947], "energy": [0.18509510544904006, 0.05539801182511102, 0.18851180588472902, 0.18809704767598479], "r2": [0.2572464942932129, 0.044835805892944336, -0.8406816720962524, -9.303909301757812], "weighted_wasserstein": [0.4467147917671605, 0.31080516102227856, 0.4215565514451603, 0.7529848027976112]}