{"mmd": [0.40288886427879333, 0.03326622396707535, 0.03231385350227356, 0.03286516293883324, 0.31816163659095764], "wasserstein": [0.49964728723957946, 0.34274360321213815, 0.4209098340490451, 0.09484315787468534, 0.7239470939664099], "energy": [0.13269283166772622, 0.1741929467880366, 0.20469009047664996, 0.039535935241411954, 0.19751901605719047], "r2": [], "weighted_wasserstein": [0.59609405956628, 0.35421650303799046, 0.4651334559534419, 0.14742633896942026, 0.681523288120119]}