{"mmd": [0.033942077308893204, 0.012337453663349152, 0.04367607831954956, 0.32745465636253357], "wasserstein": [0.36034226379266004, 0.12031902714564377, 0.39577249833956885, 0.7749919785284579], "energy": [0.1811725727193552, 0.04928268523037814, 0.18554015720820857, 0.20547571014808189], "r2": [0.2389204502105713, 0.03361254930496216, -0.6281951665878296, -9.542047500610352], "weighted_wasserstein": [0.4304262092190648, 0.2954400467082979, 0.4126923984972178, 0.7944534666290045]}