{"mmd": [0.411303848028183, 0.04539164900779724, 0.047682881355285645, 0.013290767557919025, 0.3184373080730438], "wasserstein": [0.5571767494064899, 0.3816508265716906, 0.5183381698144527, 0.10141210272585187, 0.8122176673176453], "energy": [0.1433320730053831, 0.1802327470340278, 0.2213461317797097, 0.03985227525006933, 0.21455104202139225], "r2": [], "weighted_wasserstein": [0.7097808285969447, 0.37585140239837533, 0.4786256023524605, 0.15702737175632137, 0.7442589759199197]}