{"mmd": [0.04692070558667183, 0.011240370571613312, 0.042513687163591385, 0.3287191689014435], "wasserstein": [0.4006456495995409, 0.11875350221686432, 0.38919829600484357, 0.8409860356298815], "energy": [0.18638882673839527, 0.04883053097903542, 0.1842397507121527, 0.22463048696144033], "r2": [0.3140806555747986, 0.03700786828994751, -0.6449083089828491, -9.783709526062012], "weighted_wasserstein": [0.4479738851697492, 0.30685038690996513, 0.4054709212749783, 0.8549520936171131]}