{"mmd": [0.34227824211120605, 0.04841013625264168, 0.04206807538866997, 0.030753448605537415, 0.2584179937839508], "wasserstein": [0.5518185516103854, 0.373980970846896, 0.5059364400927615, 0.15937147541935828, 0.6748942107196071], "energy": [0.12910241626703603, 0.16901411871002076, 0.21366179481956982, 0.04419141004522504, 0.17889539495220386], "r2": [], "weighted_wasserstein": [0.6759145805316557, 0.3512329384538373, 0.4822299975764763, 0.22530662632661977, 0.6633314163319056]}