{"mmd": [0.048798948526382446, 0.013262252323329449, 0.06206729635596275, 0.324489951133728], "wasserstein": [0.38910993305534186, 0.13771084153236354, 0.3960573382137598, 0.7452111202532867], "energy": [0.17244108819662837, 0.05428343531727413, 0.18484109550162253, 0.1923297613450399], "r2": [0.32330191135406494, 0.019595563411712646, -0.9314714670181274, -9.58171272277832], "weighted_wasserstein": [0.4336669987359156, 0.3015921607138547, 0.42244493102131697, 0.7681024762665772]}