{"mmd": [0.2831316292285919, 0.2630521357059479, 0.26155567169189453, 0.23761963844299316, 0.2675938904285431], "wasserstein": [0.8331433323707376, 0.44625921528540813, 0.5903397793996608, 0.6107446713150126, 0.7987401654408639], "energy": [0.4506714228280655, 0.1663165390538294, 0.19164628348046392, 0.3529968355563072, 0.38811494411702513], "r2": [], "weighted_wasserstein": [0.7557303860963125, 0.566946167219223, 0.7650551530931735, 0.5623611871213874, 0.6138845825477369]}