{"mmd": [0.2652175724506378, 0.03917296975851059, 0.23659737408161163, 0.18356196582317352], "wasserstein": [0.502931877795145, 0.21369974020319504, 0.6859262200387923, 0.34698861738949416], "energy": [0.19865339885594502, 0.07134450224291033, 0.26047912676898016, 0.14551998562785196], "r2": [-0.7023166418075562, 0.09248137474060059, -6.019207954406738, -1.461733102798462], "weighted_wasserstein": [0.564584184070968, 0.32395834960325065, 0.7141422779254741, 0.369621754087098]}