{"mmd": [0.38046884536743164, 0.03884086385369301, 0.03347597271203995, 0.022227197885513306, 0.30405351519584656], "wasserstein": [0.48614354718823544, 0.36146105688302443, 0.4554520584169035, 0.11490602695173072, 0.685789630913079], "energy": [0.12931739965234068, 0.17580472306588518, 0.21601522225013411, 0.04604433103272067, 0.19316513974135274], "r2": [], "weighted_wasserstein": [0.586156074316307, 0.36899571720970714, 0.4854881571455672, 0.19526612577619906, 0.6238547282556502]}