{"mmd": [0.04005857929587364, 0.012893336825072765, 0.04192754626274109, 0.32651451230049133], "wasserstein": [0.3810332668129139, 0.14530310389953097, 0.3817431826202574, 0.7196645961015624], "energy": [0.18267849403038874, 0.051535288208934736, 0.18071252624661124, 0.19791633963664157], "r2": [0.27372413873672485, 0.011281847953796387, -0.6406444311141968, -8.39912223815918], "weighted_wasserstein": [0.43654086944463827, 0.3074952774205408, 0.4002540288740666, 0.7420072601519856]}