{"mmd": [0.3403169810771942, 0.036310721188783646, 0.03235140070319176, 0.03443913534283638, 0.25814393162727356], "wasserstein": [0.5062713483465157, 0.364958580282287, 0.45084932805488254, 0.1556365321445346, 0.7406717762211201], "energy": [0.1227115577546355, 0.18157493613472284, 0.20604350760017426, 0.051870801296473514, 0.18786536518516847], "r2": [], "weighted_wasserstein": [0.6721668520932241, 0.3599225701390492, 0.47108953288342964, 0.25486561244130357, 0.6648595629882772]}