{"mmd": [0.03661869093775749, 0.01364754419773817, 0.04215608909726143, 0.32689616084098816], "wasserstein": [0.3812196201596893, 0.13262629246919833, 0.38508089148891167, 0.8454647689617146], "energy": [0.18731083528752276, 0.04996273372635449, 0.18273644776782633, 0.22182545189119524], "r2": [0.24538648128509521, 0.01596224308013916, -0.6102088689804077, -11.013627052307129], "weighted_wasserstein": [0.4441379702411099, 0.30464392431470744, 0.40288494985587153, 0.8676207186957572]}