{"mmd": [0.2805745303630829, 0.03200769051909447, 0.024242185056209564, 0.05267077684402466, 0.20433121919631958], "wasserstein": [0.5028512855993655, 0.3530500838096769, 0.4874955182012283, 0.23412850665045143, 0.6479268822980357], "energy": [0.11531003057059794, 0.1697787547687016, 0.21690300314516492, 0.06251972751215867, 0.1668249884110789], "r2": [], "weighted_wasserstein": [0.6815637015625986, 0.3610440205411938, 0.5372351092433305, 0.38890054987537387, 0.5678773674903648]}