{"mmd": [0.03309653699398041, 0.01354387030005455, 0.04708172753453255, 0.32846158742904663], "wasserstein": [0.3704666534722846, 0.14831521398148034, 0.3815710158780003, 0.7641324534827131], "energy": [0.1766457833329398, 0.05204154878954721, 0.18068013608144984, 0.18880872076961075], "r2": [0.2567771077156067, -0.008872151374816895, -0.6945562362670898, -10.521405220031738], "weighted_wasserstein": [0.43319128160923553, 0.32544321293655126, 0.4023062376543989, 0.788460668688842]}