{"mmd": [0.3702831268310547, 0.03524409234523773, 0.03260644152760506, 0.0261834766715765, 0.28517910838127136], "wasserstein": [0.5253673789863915, 0.3605475553219872, 0.47968377586123245, 0.11447946805010126, 0.7396323621363796], "energy": [0.13124608236301108, 0.17263355988412152, 0.20485769789492808, 0.037718367177364716, 0.18871638981081676], "r2": [], "weighted_wasserstein": [0.6954817699929591, 0.3603986027727886, 0.4938521495424529, 0.17181241399264266, 0.6956599819648079]}