{"mmd": [0.036278825253248215, 0.011748485267162323, 0.04456186667084694, 0.32867297530174255], "wasserstein": [0.3794228515678819, 0.12603900050211617, 0.387015518802831, 0.7692423751096092], "energy": [0.17903189417635093, 0.04844947044963961, 0.18275352475616755, 0.2107809264618578], "r2": [0.2607867121696472, 0.02647167444229126, -0.6751595735549927, -8.749096870422363], "weighted_wasserstein": [0.4413271097486482, 0.30270807760153856, 0.40664624137326727, 0.7887689331195966]}