{"mmd": [0.34344491362571716, 0.03860778734087944, 0.035841211676597595, 0.0358138345181942, 0.26147738099098206], "wasserstein": [0.5336494359790532, 0.36567348191605337, 0.5027473127789421, 0.14616889483395973, 0.762004389447891], "energy": [0.12835725075622403, 0.17437669429738129, 0.2189343922500175, 0.04501271897683816, 0.19884392601352358], "r2": [], "weighted_wasserstein": [0.6952106866904533, 0.37416530281375454, 0.5194541338604898, 0.16078038234616354, 0.8059525788476511]}