{"mmd": [0.04041450843214989, 0.01239855494350195, 0.042210668325424194, 0.3302634358406067], "wasserstein": [0.3840372320845733, 0.13926951980151897, 0.3804038385459378, 0.8408226024980702], "energy": [0.18074895118368012, 0.05198099109324333, 0.18073333106697292, 0.21357121208419375], "r2": [0.2847468852996826, -1.3113021850585938e-06, -0.6285867691040039, -11.502229690551758], "weighted_wasserstein": [0.44158970776808393, 0.31839908638957953, 0.3980934653059563, 0.8643991685944034]}