{"mmd": [0.33643344044685364, 0.03520995005965233, 0.032481711357831955, 0.04316304996609688, 0.2601064443588257], "wasserstein": [0.43607534307732027, 0.3471828439682447, 0.4348807930328514, 0.17730883718520352, 0.6779885453727377], "energy": [0.11079939374491816, 0.1735237364303212, 0.2063500126641186, 0.05172680760019283, 0.18405451189745353], "r2": [], "weighted_wasserstein": [0.5341062849191583, 0.34549679990737997, 0.48786875484995074, 0.37289764861187547, 0.5295812228226233]}