{"mmd": [0.03623577579855919, 0.01309195440262556, 0.04582834243774414, 0.326598197221756], "wasserstein": [0.36496006991768415, 0.12244230500575608, 0.38983435602944333, 0.810841517577623], "energy": [0.17905437115261152, 0.04594935737453397, 0.18377316158159962, 0.22112571330740013], "r2": [0.2569478154182434, 0.006209254264831543, -0.6578536033630371, -9.940884590148926], "weighted_wasserstein": [0.43004538767439354, 0.30085127436233833, 0.4080191381557943, 0.834411864825667]}