{"mmd": [0.3907948434352875, 0.034093115478754044, 0.034661781042814255, 0.02077198214828968, 0.30178961157798767], "wasserstein": [0.5197039813001185, 0.3465402677634881, 0.43966870248158213, 0.0810233255769721, 0.7675193806196424], "energy": [0.13287911114141038, 0.1725764731459681, 0.20579032110647616, 0.03182834646984557, 0.20074911035501614], "r2": [], "weighted_wasserstein": [0.6126600193730639, 0.3446388243591815, 0.4390591873769731, 0.14489819760768458, 0.7125380459183591]}