{"mmd": [0.03459416329860687, 0.013072754256427288, 0.0434248261153698, 0.326698899269104], "wasserstein": [0.3607212408002272, 0.1193965315215934, 0.38062878318875976, 0.795542775142009], "energy": [0.17780483686159654, 0.04803603417984601, 0.18098389020244315, 0.21267561469546448], "r2": [0.2178347110748291, 0.028119266033172607, -0.6377068758010864, -9.975505828857422], "weighted_wasserstein": [0.4244067719984715, 0.29607474763934016, 0.3998810728372751, 0.8169891816845564]}