{"mmd": [0.37512049078941345, 0.03705255314707756, 0.03017866052687168, 0.033056583255529404, 0.3027360439300537], "wasserstein": [0.45171799709200533, 0.3646803521985129, 0.44418213685769453, 0.1274323836074345, 0.7045582527953955], "energy": [0.12227159176839188, 0.17651733118420457, 0.21129153251865, 0.05319489573140431, 0.1953802757399192], "r2": [], "weighted_wasserstein": [0.5297729095369835, 0.3655762622639502, 0.4869897970715315, 0.16284951583075918, 0.6796707237368043]}