{"mmd": [0.03781301528215408, 0.010744904167950153, 0.043502409011125565, 0.32639697194099426], "wasserstein": [0.3806128063494605, 0.14109564406575212, 0.3801272799395585, 0.7544934975508732], "energy": [0.1826692877824002, 0.052887732388116025, 0.18166237920316966, 0.20732557883120947], "r2": [0.2745169997215271, 0.04158145189285278, -0.6295816898345947, -8.972979545593262], "weighted_wasserstein": [0.43873280616714494, 0.30613123649137036, 0.3966047829399633, 0.7808672322517418]}