{"mmd": [0.36381444334983826, 0.03296767920255661, 0.026554381474852562, 0.02770148776471615, 0.27354928851127625], "wasserstein": [0.5625589648025566, 0.3594432080356029, 0.4721205378199622, 0.16613112188283397, 0.7212491594787964], "energy": [0.1368192860885973, 0.17685430036000419, 0.21354227846685964, 0.0561815061768788, 0.18095808646392872], "r2": [], "weighted_wasserstein": [0.6130521949844879, 0.3615836044860826, 0.5167088257640188, 0.2593282059647261, 0.6449329369853739]}