{"mmd": [0.03400944918394089, 0.011370755732059479, 0.04315383732318878, 0.329601526260376], "wasserstein": [0.37850098018411693, 0.14191413470703115, 0.38084243793412015, 0.7781729004693485], "energy": [0.18243993561150695, 0.052352333522908925, 0.18079188496892012, 0.19582878758240752], "r2": [0.25421857833862305, 0.03449559211730957, -0.6205853223800659, -10.40368938446045], "weighted_wasserstein": [0.4394557513824428, 0.31474949385468914, 0.39917548901509203, 0.7983578327898645]}