{"mmd": [0.31032130122184753, 0.03985700011253357, 0.034400079399347305, 0.04325750470161438, 0.23928852379322052], "wasserstein": [0.5167185705387803, 0.37811928949671403, 0.5093858135228195, 0.23313529874190678, 0.6547632854348907], "energy": [0.11326789153513471, 0.18281658297842796, 0.21060882629345148, 0.06453026193780204, 0.16254907272513808], "r2": [], "weighted_wasserstein": [0.7011447704681518, 0.36654303117295406, 0.5145108050701669, 0.1871389823748073, 0.7176573967127263]}