{"mmd": [0.04109076038002968, 0.01316117960959673, 0.0449984073638916, 0.3260754346847534], "wasserstein": [0.39427597487809785, 0.15917651247926548, 0.38545211515921407, 0.7617035888408187], "energy": [0.18660727808353073, 0.05462398476161727, 0.18114156296172404, 0.21538002868812078], "r2": [0.29075300693511963, 0.01061403751373291, -0.641340970993042, -8.493785858154297], "weighted_wasserstein": [0.4451075526387127, 0.3078921842220836, 0.4036628073673612, 0.7838157520236644]}