{"mmd": [0.3142663240432739, 0.03596412017941475, 0.03060729242861271, 0.05643792822957039, 0.2603590190410614], "wasserstein": [0.4572471498915692, 0.36224067026394924, 0.49676581792956587, 0.20951817567957012, 0.5677509961757341], "energy": [0.12428658947471756, 0.1793528501596829, 0.21673135660818563, 0.06713771438147124, 0.1596278653500601], "r2": [], "weighted_wasserstein": [0.5549641076387735, 0.3698351397189624, 0.505139712526689, 0.19843022454300735, 0.579461374934363]}