{"mmd": [0.0365409255027771, 0.011970914900302887, 0.045547712594270706, 0.3278391659259796], "wasserstein": [0.378817221937931, 0.15037739159578759, 0.3896708038399659, 0.6350589675027548], "energy": [0.18466863997058836, 0.05535182019757978, 0.18357363126243717, 0.16854357292725267], "r2": [0.2691364288330078, 0.03798782825469971, -0.6552497148513794, -7.055324554443359], "weighted_wasserstein": [0.44309857843877015, 0.31458040159241035, 0.40684057344530794, 0.6516432178194885]}