{"mmd": [0.3477494418621063, 0.03527605161070824, 0.028985606506466866, 0.032764166593551636, 0.26606157422065735], "wasserstein": [0.5181839151169819, 0.3551067774017829, 0.44767571531024414, 0.1475307752551659, 0.7281769831395999], "energy": [0.12883405460699585, 0.172465943711526, 0.20674813276673584, 0.0511323829825671, 0.18968645198652023], "r2": [], "weighted_wasserstein": [0.6298051235840146, 0.36867489503797873, 0.496277261548688, 0.18177626882189246, 0.7213896626374041]}