{"mmd": [0.03569956496357918, 0.010993260890245438, 0.043632060289382935, 0.3310615122318268], "wasserstein": [0.3731961787844182, 0.12548666770818442, 0.3808436585123272, 0.7937580897968933], "energy": [0.17944375103069277, 0.047110739221120045, 0.18176303996197463, 0.20891753408233316], "r2": [0.2576989531517029, 0.03653997182846069, -0.633155345916748, -10.254708290100098], "weighted_wasserstein": [0.434977975349986, 0.2940480700742251, 0.4008683001048841, 0.8183411070585122]}