{"mmd": [0.03312822803854942, 0.01269011851400137, 0.08169461041688919, 0.3194834291934967], "wasserstein": [0.38219324707829305, 0.1503037715288861, 0.41623023419254, 0.7665411086898914], "energy": [0.1847455472264648, 0.05430462695854339, 0.18997401868171523, 0.19784813566134418], "r2": [0.24573856592178345, -0.012060761451721191, -1.2577972412109375, -10.093469619750977]}