{"mmd": [0.34775176644325256, 0.0348997600376606, 0.028641922399401665, 0.034892331808805466, 0.26521405577659607], "wasserstein": [0.479160685050653, 0.36134020139941536, 0.46550954458100974, 0.15761535724043985, 0.7270578672503394], "energy": [0.12140489720482103, 0.17963280888173366, 0.21327633006634644, 0.051653518443822564, 0.1967548876297689], "r2": [], "weighted_wasserstein": [0.6102798056975385, 0.36450532076472253, 0.49981306977070383, 0.19136487370583363, 0.7109920287392029]}