{"mmd": [0.03532711789011955, 0.012117035686969757, 0.04622778296470642, 0.32686689496040344], "wasserstein": [0.3795743200798327, 0.13819366168939842, 0.39174859518414096, 0.8048474895924066], "energy": [0.18572818142446745, 0.05453748702370857, 0.18475408282978345, 0.2163822183437657], "r2": [0.2620495557785034, 0.02945256233215332, -0.674012303352356, -10.197983741760254], "weighted_wasserstein": [0.44113581237801824, 0.3091801456911376, 0.40921308697004743, 0.8320267211828463]}