{"mmd": [0.30397167801856995, 0.03271213546395302, 0.025855937972664833, 0.04599620774388313, 0.216282919049263], "wasserstein": [1.0939999359467145, 0.3521775108205607, 0.44711961066592154, 0.4401397148682537, 1.1066593555824022], "energy": [0.17396488296226176, 0.17794706309997238, 0.18928305092733108, 0.09955644352580985, 0.1857120447081385], "r2": [], "weighted_wasserstein": [0.6097479560228818, 0.3473431696866886, 0.45761273926566354, 0.22540378424692747, 0.6718865063535122]}