{"mmd": [0.033772800117731094, 0.014789514243602753, 0.05174434557557106, 0.32806041836738586], "wasserstein": [0.36723718353632695, 0.1429129974642498, 0.3946502882851066, 0.789447918628782], "energy": [0.1814968903413529, 0.04588618884664417, 0.1845377207247685, 0.21678455557077686], "r2": [0.22687363624572754, -0.0735616683959961, -0.7542332410812378, -9.694735527038574], "weighted_wasserstein": [0.4306047277461535, 0.3288194323982751, 0.4136395597068147, 0.813312151606483]}