{"mmd": [0.29858890175819397, 0.03518380969762802, 0.026985516771674156, 0.045474667102098465, 0.221872940659523], "wasserstein": [0.7091799441128785, 0.3460850235657234, 0.44954806035352074, 0.35813445469536237, 0.7077946998903311], "energy": [0.14159431450425025, 0.17199371653633816, 0.19939440868398917, 0.09080621366850553, 0.1395336553436423], "r2": [], "weighted_wasserstein": [0.9652385331183345, 0.3487915671107271, 0.5212319749197547, 0.503882379793188, 0.8783952469654057]}