{"mmd": [0.03568262234330177, 0.012952696532011032, 0.04959800839424133, 0.3266277015209198], "wasserstein": [0.3621253488829823, 0.14898842592140735, 0.39573139328337953, 0.7632899867430442], "energy": [0.17652861530546093, 0.04725723511854986, 0.18542706195299966, 0.21427150889364072], "r2": [0.2542869448661804, -0.026606082916259766, -0.7775213718414307, -8.854104995727539], "weighted_wasserstein": [0.4280137457116682, 0.3278230730785833, 0.41585573711647256, 0.7904785514078322]}