{"mmd": [0.29661300778388977, 0.03152778744697571, 0.09207416325807571, 0.07464811950922012, 0.1157466471195221], "wasserstein": [0.6371476859530955, 0.38505552375865426, 0.5938189529674652, 0.1564684050302564, 0.37951564351826406], "energy": [0.23288456137659197, 0.18660248463864204, 0.2180949992165917, 0.06044079668042279, 0.12008997845089633], "r2": [], "weighted_wasserstein": [0.8671990016996962, 0.39129936968455037, 0.5377696625061884, 0.2996907245014814, 0.6344576122751037]}