{"mmd": [0.31822195649147034, 0.04085594415664673, 0.02804282121360302, 0.04214230179786682, 0.2576669156551361], "wasserstein": [0.43927466452027, 0.36703635631285586, 0.4490193811116069, 0.16895292125004907, 0.626605060746423], "energy": [0.11373850650347878, 0.17739043390168965, 0.20858888375973458, 0.05515858783477191, 0.18220697969108343], "r2": [], "weighted_wasserstein": [0.5649671834477676, 0.3527551620113312, 0.46905442830311855, 0.20992628814913344, 0.5996313501356154]}