{"mmd": [0.04186755418777466, 0.012499966658651829, 0.04609103500843048, 0.32938334345817566], "wasserstein": [0.38449750047044573, 0.13681898036838475, 0.38675878997089896, 0.7434916161981283], "energy": [0.18335044764260408, 0.04805763715474667, 0.18279158276447185, 0.21069806049924694], "r2": [0.2920476794242859, 0.0002879500389099121, -0.6545968055725098, -8.075782775878906], "weighted_wasserstein": [0.4426138614191863, 0.30239910539684955, 0.40612177362633106, 0.7662796111918322]}