{"mmd": [0.03633486106991768, 0.00955305714160204, 0.07701953500509262, 0.034706179052591324], "wasserstein": [0.3871662140393595, 0.1251438181727369, 0.3739996570472157, 0.21046456449184864], "energy": [0.19126612728799383, 0.04694908572490715, 0.1740757434215041, 0.1130520081370349], "r2": [0.24216598272323608, 0.031384408473968506, -0.9475307464599609, -0.3500378131866455]}