{"mmd": [0.28547748923301697, 0.03574693575501442, 0.027449583634734154, 0.07172894477844238, 0.2205670326948166], "wasserstein": [0.4607781254799632, 0.3626896884788956, 0.45988466121716876, 0.24366686675401616, 0.6709915258403468], "energy": [0.11173835948249272, 0.1846676050902298, 0.20151403103833745, 0.08905781223518693, 0.1683480765745383], "r2": [], "weighted_wasserstein": [0.7526318157172447, 0.3673953073030451, 0.49231765858179954, 0.24322272547420765, 0.6897727806275276]}