{"mmd": [0.036024630069732666, 0.010466109029948711, 0.04917905852198601, 0.3259657919406891], "wasserstein": [0.3819217848409077, 0.13605069719284932, 0.39821368680015806, 0.9033783196437426], "energy": [0.19037266730075036, 0.050965766205264856, 0.18562960204298118, 0.22825323774727765], "r2": [0.2687663435935974, 0.03246945142745972, -0.6967340707778931, -12.026033401489258], "weighted_wasserstein": [0.45072799823906085, 0.29720335474012, 0.41415376531552356, 0.919204191459573]}