{"mmd": [0.20263154804706573, 0.03342963755130768, 0.03133774921298027, 0.07762924581766129, 0.02776322327554226], "wasserstein": [0.32485211429784266, 0.36280603235873643, 0.43618140218010754, 0.14479218284892142, 0.1516455851220604], "energy": [0.12607756005739487, 0.18156167068151677, 0.20786996660654533, 0.05448009848824415, 0.09428803259787452], "r2": []}