{"mmd": [0.034468553960323334, 0.011554916389286518, 0.07567954063415527, 0.030287832021713257], "wasserstein": [0.3806277347606251, 0.1332629435853267, 0.3787772636816063, 0.21258106005958954], "energy": [0.18716893847402927, 0.048184551131268495, 0.17544019335494002, 0.11309005344763896], "r2": [0.23369759321212769, -0.015069127082824707, -0.9203898906707764, -0.34291183948516846]}