{"mmd": [0.37395039200782776, 0.04472054913640022, 0.03420539200305939, 0.023971185088157654, 0.29391661286354065], "wasserstein": [0.4696312986181099, 0.36930952874004236, 0.4612005193904575, 0.12881694240246627, 0.7390381800273074], "energy": [0.12192114856015379, 0.1767478387447261, 0.2134780002206106, 0.05056066033979558, 0.19730614605776337], "r2": [], "weighted_wasserstein": [0.5572748247631929, 0.3632641699871939, 0.501212460016855, 0.18122457893192365, 0.6832395454760075]}