{"mmd": [0.046211689710617065, 0.011464592069387436, 0.0444098599255085, 0.32705262303352356], "wasserstein": [0.389219852069098, 0.13331578448341175, 0.3905083287792194, 0.7983203214211914], "energy": [0.18326075541112746, 0.04983283221605085, 0.18335827121910833, 0.21201383324812775], "r2": [0.3076096177101135, 0.002047121524810791, -0.6534370183944702, -10.057099342346191], "weighted_wasserstein": [0.440342756115377, 0.31350428905979216, 0.4081757415383253, 0.8234212735919453]}