{"mmd": [0.3751930296421051, 0.03690360486507416, 0.035413261502981186, 0.022029682993888855, 0.28650957345962524], "wasserstein": [0.5557298288534012, 0.362060653651437, 0.47514841445013395, 0.11408982926875019, 0.7186664247194817], "energy": [0.13371855320315848, 0.17597164704527657, 0.21715057192657006, 0.03729581644788046, 0.18021160146070095], "r2": [], "weighted_wasserstein": [0.6374210960625973, 0.34867467398136925, 0.4775787842601775, 0.20196387482706749, 0.69301313336462]}