{"mmd": [0.03862425312399864, 0.014301690272986889, 0.041094787418842316, 0.3315557539463043], "wasserstein": [0.38020846862584706, 0.1267332245340769, 0.37740490076795163, 0.7569238540072242], "energy": [0.18235867599772754, 0.05044500308472623, 0.18009154685866327, 0.19369769750521226], "r2": [0.2711504101753235, -0.0062961578369140625, -0.593599796295166, -10.011842727661133], "weighted_wasserstein": [0.44258140774666754, 0.3106739340044442, 0.3957128029966241, 0.7872980890120205]}