{"mmd": [0.33927372097969055, 0.029569216072559357, 0.02189306914806366, 0.04002093896269798, 0.25319236516952515], "wasserstein": [0.4968675332618968, 0.35152836446654534, 0.43207082444450257, 0.16747130923445175, 0.7006481575888746], "energy": [0.12133485200024456, 0.1753336485334338, 0.1899438703527715, 0.05635769405524273, 0.17844253407254052], "r2": [], "weighted_wasserstein": [0.6003715742528236, 0.35268991055867965, 0.4965789110771064, 0.2195183068716846, 0.6724963979979772]}