{"mmd": [0.031618498265743256, 0.011520929634571075, 0.04931599274277687, 0.3304350674152374], "wasserstein": [0.368631814459197, 0.1545714092019396, 0.3921665749400838, 0.807014471463157], "energy": [0.17989780091813656, 0.050391983905514776, 0.18408968350717664, 0.21483148347016487], "r2": [0.23355096578598022, 0.027846574783325195, -0.7255963087081909, -10.399934768676758], "weighted_wasserstein": [0.428584779083555, 0.32317461995103874, 0.411666933889121, 0.8337096888371326]}