{"mmd": [0.3521895706653595, 0.03799904137849808, 0.03304720297455788, 0.03844156116247177, 0.2818056643009186], "wasserstein": [0.45172855851895666, 0.36457217204134, 0.4261883100069849, 0.14499142111940372, 0.6936406048768552], "energy": [0.11871810574438078, 0.17745112359991427, 0.20053574111594633, 0.05714361073864973, 0.18971653468993324], "r2": [], "weighted_wasserstein": [0.5731625550738428, 0.33910198343326103, 0.43531714763729085, 0.20433239743426823, 0.6023959959900371]}