{"mmd": [0.03891459107398987, 0.01312465500086546, 0.04410398006439209, 0.32565629482269287], "wasserstein": [0.3806579091783936, 0.12529904521255023, 0.3841273814768271, 0.7793079714666323], "energy": [0.18197597402466895, 0.047201597332775, 0.18220627920804783, 0.21391667533598813], "r2": [0.2790142893791199, 0.024575412273406982, -0.6370471715927124, -9.420259475708008], "weighted_wasserstein": [0.4311887170512157, 0.28957170213234223, 0.40418231207734573, 0.8068179544943327]}