{"mmd": [0.26826462149620056, 0.04658258333802223, 0.03853872790932655, 0.06656904518604279, 0.1889933943748474], "wasserstein": [0.6361527132649685, 0.3696516049099974, 0.4867632295077948, 0.30722906828470187, 0.6166932639658831], "energy": [0.14538145735800265, 0.17547515161336663, 0.20232300804563652, 0.08719138418647242, 0.13252235303478002], "r2": [], "weighted_wasserstein": [1.0105978913650764, 0.3476455392330396, 0.5116037682320416, 0.45654374219835975, 0.6907399942893241]}