{"mmd": [0.04662080481648445, 0.014032606035470963, 0.08491965383291245, 0.31648629903793335], "wasserstein": [0.3868783860306664, 0.14426399248870697, 0.4233522490183783, 0.7271942056090218], "energy": [0.1805219964149797, 0.049803336110781055, 0.19232508598996068, 0.1828776552214236], "r2": [0.31899529695510864, -0.027039170265197754, -1.3210241794586182, -9.76496410369873], "weighted_wasserstein": [0.43739690832155326, 0.32501730542842827, 0.4511737619907495, 0.7600126062714513]}