{"mmd": [0.3512322008609772, 0.037282321602106094, 0.02820875681936741, 0.022570200264453888, 0.2757745087146759], "wasserstein": [0.49890201184814004, 0.37322555147438014, 0.4590026292390365, 0.15664313324109075, 0.623096244598511], "energy": [0.12300735439446336, 0.17526878722813857, 0.21312653920386007, 0.051700296877742094, 0.15618754036492102], "r2": [], "weighted_wasserstein": [0.7750409226246633, 0.356307374364455, 0.51213890675735, 0.2910435556603744, 0.6057720232451297]}