{"mmd": [0.03930862993001938, 0.01383017748594284, 0.04113047197461128, 0.3265017867088318], "wasserstein": [0.38929143452232656, 0.15181829744994285, 0.3776110668561376, 0.7086252918023827], "energy": [0.1807963425049277, 0.05296360972538922, 0.18017706088406912, 0.1844878178657726], "r2": [0.2847746014595032, -0.03105616569519043, -0.6121991872787476, -7.873741149902344], "weighted_wasserstein": [0.44366816037878454, 0.32090685701379257, 0.39683821086436805, 0.7248281912725341]}