{"mmd": [0.31083619594573975, 0.035353850573301315, 0.028552191331982613, 0.04101652652025223, 0.23833172023296356], "wasserstein": [0.48542208123668185, 0.358936994986092, 0.4737442897520808, 0.20606383273260293, 0.6771373845882714], "energy": [0.1144364630563533, 0.17631425792185265, 0.2106214548577741, 0.057367970191656945, 0.1849751563313983], "r2": [], "weighted_wasserstein": [0.7275724827945474, 0.3629210244960246, 0.5242010286679014, 0.27974141435108446, 0.6849815611952111]}