{"mmd": [0.036528509110212326, 0.012272465042769909, 0.046018391847610474, 0.3275766372680664], "wasserstein": [0.37751880645484687, 0.14027921791668052, 0.3875851521282303, 0.7968884352320545], "energy": [0.1824486601104776, 0.052488854904649884, 0.18226149010410536, 0.22332974129164204], "r2": [0.27159392833709717, 0.01777362823486328, -0.666061520576477, -9.39034366607666], "weighted_wasserstein": [0.4392500224146714, 0.31559961398593694, 0.4029250063158441, 0.8221218352024222]}