{"mmd": [0.3670484721660614, 0.036066994071006775, 0.03231662139296532, 0.02156541310250759, 0.28473570942878723], "wasserstein": [0.5909971124707906, 0.363725031901679, 0.48106662689039553, 0.1826621096146177, 0.7925341599273428], "energy": [0.117586183845011, 0.17606894097328896, 0.2106953262091669, 0.04228127456198711, 0.18138714229059857], "r2": [], "weighted_wasserstein": [1.0896799413922547, 0.363318755464284, 0.5023685872445417, 0.4061572478785146, 0.9491307766829171]}