{"mmd": [0.03756863996386528, 0.01429779827594757, 0.04555521532893181, 0.32783934473991394], "wasserstein": [0.3815263031985841, 0.1505823147909979, 0.38955611825126935, 0.7271640491019868], "energy": [0.1814998938626952, 0.052379008237508025, 0.18364783594299505, 0.20666641922702392], "r2": [0.2657862901687622, -0.03509223461151123, -0.6810678243637085, -8.15530014038086], "weighted_wasserstein": [0.4369704014213367, 0.3254372614771948, 0.4080815995745525, 0.756045998230497]}