{"mmd": [0.38233980536460876, 0.04649272561073303, 0.03641148656606674, 0.022157633677124977, 0.30823221802711487], "wasserstein": [0.489167978539275, 0.37944571659861476, 0.49459425185693884, 0.13320078655776357, 0.7274606769513404], "energy": [0.13089504161933682, 0.17765284664828448, 0.22651305764706242, 0.05794470978922368, 0.2053218990477505], "r2": [], "weighted_wasserstein": [0.5422354340623431, 0.4031324492331397, 0.5160374337896069, 0.16658129660598334, 0.6997990414595416]}