{"mmd": [0.04911263659596443, 0.012223325669765472, 0.04107443615794182, 0.32933104038238525], "wasserstein": [0.4015622601341454, 0.1447053023361539, 0.3734213554679865, 0.7327490497458987], "energy": [0.18568041524473067, 0.05314680731304084, 0.1787508403245345, 0.2024850869802945], "r2": [0.31336045265197754, 0.010289609432220459, -0.6073071956634521, -8.49698257446289], "weighted_wasserstein": [0.45241493753919737, 0.3200896735866818, 0.39446507028145594, 0.7535234551683186]}