{"mmd": [0.3971603810787201, 0.047153085470199585, 0.0636049211025238, 0.14082638919353485, 0.21067172288894653], "wasserstein": [0.6954239796268257, 0.41710221149503635, 0.5626523940845581, 0.20829909059757484, 0.39873282914944186], "energy": [0.22835081498394863, 0.19881180158870418, 0.2100798881275753, 0.07870569455011348, 0.13178586891875685], "r2": [], "weighted_wasserstein": [0.7740451227774252, 0.3966987017228724, 0.5452705065309105, 0.2700405920400875, 0.5196141178797447]}