{"mmd": [0.04706178978085518, 0.011033470742404461, 0.08241279423236847, 0.03146954998373985], "wasserstein": [0.40479396914941534, 0.13334576305783288, 0.38093354858797834, 0.20494062353650921], "energy": [0.20245912117450726, 0.05125801537973791, 0.17719389534540325, 0.11030568218938146], "r2": [0.297976553440094, 0.03195005655288696, -1.00447416305542, -0.33083927631378174], "weighted_wasserstein": [0.4570397763994569, 0.29224370938256783, 0.39734029281710703, 0.21237371827841556]}