{"mmd": [0.3178776502609253, 0.029677830636501312, 0.024730080738663673, 0.046483736485242844, 0.24264086782932281], "wasserstein": [0.4881952256885468, 0.3507068948182482, 0.44164281130284655, 0.1685055332924509, 0.663017675551938], "energy": [0.1195100773860798, 0.17527894087672857, 0.20397437187604558, 0.05376337695769634, 0.16844071536741895], "r2": [], "weighted_wasserstein": [0.6538058182269716, 0.35610907434075395, 0.46849300166477215, 0.22464353052190855, 0.6194204210380263]}