{"mmd": [0.030913984403014183, 0.013256826438009739, 0.048489559441804886, 0.32632485032081604], "wasserstein": [0.36588935940935297, 0.13020441089014778, 0.3919806568745303, 0.7734986272730898], "energy": [0.18158422003264463, 0.04662116963989402, 0.1856141726481762, 0.20421624631997193], "r2": [0.22100800275802612, 0.001430809497833252, -0.6860779523849487, -9.877867698669434], "weighted_wasserstein": [0.43395904879798647, 0.3091745482641323, 0.41183687776822925, 0.8024344596889981]}