{"mmd": [0.34199008345603943, 0.036177944391965866, 0.027878114953637123, 0.03000091016292572, 0.2621656656265259], "wasserstein": [0.5188424081433648, 0.36697065992282224, 0.4559942920444784, 0.17893414878660371, 0.6234928506313748], "energy": [0.1256936837590616, 0.1795975580635679, 0.20424689766965795, 0.05384867335357949, 0.15792471580572884], "r2": [], "weighted_wasserstein": [0.5860709668705888, 0.3559615971627455, 0.4808515234816483, 0.1566024305032112, 0.6321411866555091]}