{"mmd": [0.03750735893845558, 0.011109811253845692, 0.04189052805304527, 0.32890304923057556], "wasserstein": [0.38362780728366264, 0.1286892549609647, 0.37767813120153726, 0.7008771391896924], "energy": [0.18501676433235564, 0.04929390425658779, 0.17979052811067592, 0.18303382729458936], "r2": [0.2798411250114441, 0.019017338752746582, -0.5971885919570923, -8.6424560546875], "weighted_wasserstein": [0.44337223333874143, 0.3069380429707641, 0.3964304129832731, 0.724809316969393]}