{"mmd": [0.34529876708984375, 0.03452015295624733, 0.02936498261988163, 0.031964197754859924, 0.2671034634113312], "wasserstein": [0.4817180016399201, 0.35655543830725267, 0.4433863307267689, 0.15353229102412919, 0.7427224340573921], "energy": [0.12172466844653602, 0.175088577661701, 0.20914019705385292, 0.05560335445339198, 0.19330212292779791], "r2": [], "weighted_wasserstein": [0.6396882131539845, 0.36090015433803463, 0.5045455648751813, 0.15856507020595467, 0.7682311445666645]}