{"mmd": [0.034995172172784805, 0.010801422409713268, 0.0430154986679554, 0.32374098896980286], "wasserstein": [0.3737100981311922, 0.13049070242598204, 0.3824119033299539, 0.832768374516426], "energy": [0.18012894450440334, 0.050360840065212055, 0.1818449749767567, 0.22429765765472687], "r2": [0.260347843170166, 0.03108161687850952, -0.6293520927429199, -10.5829496383667], "weighted_wasserstein": [0.43713143095472484, 0.30019989642066314, 0.40121542927511056, 0.8573930066997322]}