{"mmd": [0.2725270092487335, 0.029337937012314796, 0.023281490430235863, 0.06023034453392029, 0.20863378047943115], "wasserstein": [0.7615553276877063, 0.3424755391456084, 0.43356214268868143, 0.2987493836207039, 0.7412663108143633], "energy": [0.14737123114425615, 0.16940047714738016, 0.18778277324433518, 0.07908379025218239, 0.13384380062787907], "r2": [], "weighted_wasserstein": [1.7032972078112407, 0.3448436290757992, 0.4945201265840544, 0.5288870353777141, 1.2580904806021531]}