{"mmd": [0.03055250458419323, 0.01614060252904892, 0.060741692781448364, 0.32403481006622314], "wasserstein": [0.36226602573576866, 0.13869797150306937, 0.41210024008425966, 0.719491483612333], "energy": [0.17587908682521938, 0.046375312401870705, 0.19000642556999692, 0.1905351336630184], "r2": [0.22041696310043335, -0.06856310367584229, -0.9419417381286621, -8.290750503540039], "weighted_wasserstein": [0.4285252859184932, 0.3177566585244683, 0.4358462440270928, 0.7394950248505113]}