{"mmd": [0.4305506944656372, 0.047340672463178635, 0.04598335549235344, 0.012278703041374683, 0.3470917046070099], "wasserstein": [0.5008852871258377, 0.3825219355270902, 0.4813472208682648, 0.09988453748323349, 0.7195570072413223], "energy": [0.13787963852457646, 0.18082292553196452, 0.21732078933239882, 0.048789168050982414, 0.1991394661589829], "r2": [], "weighted_wasserstein": [0.5217512814761893, 0.3776293668085261, 0.4605696897964911, 0.14779667487595952, 0.6518677466982506]}