{"mmd": [0.048985376954078674, 0.01263292133808136, 0.040330346673727036, 0.3263690769672394], "wasserstein": [0.4021309184318136, 0.1190103503936849, 0.3782477938925043, 0.7044904796400983], "energy": [0.18842823064398923, 0.049545795775802905, 0.17998196038138328, 0.190797974337651], "r2": [0.3168448209762573, 0.025873661041259766, -0.5807912349700928, -8.276373863220215], "weighted_wasserstein": [0.45536222164456935, 0.3004921494327113, 0.3970062096128286, 0.7296986105051106]}