{"mmd": [0.2914026081562042, 0.03813866898417473, 0.030336454510688782, 0.053858209401369095, 0.21401751041412354], "wasserstein": [0.7012231161513034, 0.3558515315173982, 0.4874033188627804, 0.26675004062259045, 0.7340617330930397], "energy": [0.14045165142520677, 0.17315139131546425, 0.2089616653607392, 0.06284701142887651, 0.1472249140424622], "r2": [], "weighted_wasserstein": [0.807804992218163, 0.3558954029632373, 0.5096794383509884, 0.2636019247714795, 0.6875859481516884]}