{"mmd": [0.03903074190020561, 0.01309081632643938, 0.05071927234530449, 0.32365500926971436], "wasserstein": [0.37472359588215, 0.16579020655691185, 0.3880530383840133, 0.7135327912327354], "energy": [0.1791546479745419, 0.05415799221888504, 0.18250990699675693, 0.1802002957712522], "r2": [0.26533544063568115, -0.04342222213745117, -0.7499701976776123, -9.399272918701172], "weighted_wasserstein": [0.4352631729892296, 0.3358652245121053, 0.4080719340898642, 0.7459700296699735]}