{"mmd": [0.3840470314025879, 0.06239764764904976, 0.10895151644945145, 0.10740800946950912, 0.16193175315856934], "wasserstein": [0.6861359137287457, 0.4239629700830064, 0.6784201078794474, 0.22246539105417545, 0.37801874479975295], "energy": [0.22185914622018899, 0.18602753414616519, 0.24042865498923233, 0.07712142462495206, 0.12209358419052996], "r2": [], "weighted_wasserstein": [0.7108683555687102, 0.38638081766330107, 0.6445435020154957, 0.310824075115465, 0.6452977525285198]}