{"mmd": [0.06485982984304428, 0.015027093701064587, 0.0716390609741211, 0.025752374902367592], "wasserstein": [0.41989539302926293, 0.14945466658376444, 0.3707918345055083, 0.2127149939950078], "energy": [0.18335318309534882, 0.05058677873738426, 0.17117135043829101, 0.11306280315187821], "r2": [0.35692745447158813, -0.06574511528015137, -0.8738899230957031, -0.33584582805633545], "weighted_wasserstein": [0.46693203111970055, 0.32422631726422185, 0.3872414547344203, 0.22066114004229315]}