{"mmd": [0.3181566596031189, 0.03493446484208107, 0.027187058702111244, 0.036195307970047, 0.23283551633358002], "wasserstein": [0.5473763967192866, 0.36505788196445776, 0.4747888183961237, 0.20036814035867, 0.6927835463714285], "energy": [0.12167549066203465, 0.1807957141554691, 0.20789639267053672, 0.055089026757956926, 0.17133366442431291], "r2": [], "weighted_wasserstein": [0.6422859384218318, 0.3585284218200046, 0.49048401514514156, 0.16893655442723834, 0.7141183247371433]}