{"mmd": [0.03618021681904793, 0.010354592464864254, 0.046114232391119, 0.32327088713645935], "wasserstein": [0.38036141776832666, 0.14336868998940505, 0.3926137482303477, 0.8047099629033658], "energy": [0.186166399094269, 0.052015258178279136, 0.18542440124536627, 0.21227936289738594], "r2": [0.23836761713027954, 0.04305785894393921, -0.6944409608840942, -10.414615631103516], "weighted_wasserstein": [0.4389630312215972, 0.3088955042653975, 0.4131872136471376, 0.8318919409306141]}