{"mmd": [0.30278846621513367, 0.03970113396644592, 0.03258023411035538, 0.04470499977469444, 0.21503637731075287], "wasserstein": [0.629828055489573, 0.3723604219008511, 0.5008185617426198, 0.2705935837066642, 0.7395266406790642], "energy": [0.12776454505694076, 0.1781023104413712, 0.21169505235760208, 0.07580023983188049, 0.16184579210217687], "r2": [], "weighted_wasserstein": [0.7236039472487157, 0.3637240016794319, 0.5110283831630268, 0.30079090950943443, 0.65036466709832]}