{"mmd": [0.04168340191245079, 0.011439207009971142, 0.0484338104724884, 0.3245486319065094], "wasserstein": [0.3904110817412609, 0.15612380478212937, 0.390720623228541, 0.8453017349375895], "energy": [0.18302671377686353, 0.05327976233606025, 0.18476960191138633, 0.21979763711163894], "r2": [0.2937539219856262, 0.0011410117149353027, -0.7430176734924316, -11.090048789978027], "weighted_wasserstein": [0.4407141712992328, 0.3268118515968769, 0.40907287179940716, 0.8674750458272871]}