{"mmd": [0.351836234331131, 0.029987940564751625, 0.059210795909166336, 0.19331221282482147, 0.24305419623851776], "wasserstein": [0.9969825657344638, 0.37119741885745333, 0.5232882498042613, 0.38204116117622366, 0.9835440916640408], "energy": [0.24136991237970834, 0.1913653302833499, 0.20018600668510958, 0.10606732883350987, 0.21757897830787745], "r2": []}