{"mmd": [0.035423386842012405, 0.012675092555582523, 0.0490596741437912, 0.3227795660495758], "wasserstein": [0.3904653175667023, 0.15039113801925885, 0.39396192910733596, 0.6677384548712337], "energy": [0.18927260471417354, 0.05251321498369205, 0.18649378280171866, 0.16368035611104814], "r2": [0.2351372241973877, -0.011535048484802246, -0.7081588506698608, -8.576239585876465]}