{"mmd": [0.3084603250026703, 0.029337963089346886, 0.05669643357396126, 0.10384774208068848, 0.11914565414190292], "wasserstein": [0.8523305275120643, 0.39184940837040977, 0.5305454851122444, 0.33885585553513614, 0.6063337627769423], "energy": [0.26216039969114074, 0.19043895079746687, 0.20145079456392623, 0.09105946986269182, 0.1442958664951189], "r2": [], "weighted_wasserstein": [2.03386587329546, 0.3973438486700149, 0.6035976287206593, 0.6243898257706014, 1.266185142931942]}