{"mmd": [0.03619072213768959, 0.010544097982347012, 0.10427504777908325, 0.03329143673181534], "wasserstein": [0.3934237219578002, 0.13406603164046632, 0.3988846914720558, 0.21721556913394327], "energy": [0.1891670180010588, 0.04758294084836945, 0.17673847686328212, 0.11144187293089722], "r2": [0.262350857257843, 0.005628228187561035, -1.4598743915557861, -0.3126945495605469], "weighted_wasserstein": [0.45556407010300237, 0.3035001029599309, 0.42186462937889924, 0.223852086768685]}