{"mmd": [0.3152017593383789, 0.04702785983681679, 0.04065690189599991, 0.049820661544799805, 0.22242744266986847], "wasserstein": [0.5378950907508702, 0.3557676022110274, 0.5057466539315773, 0.1580590902456981, 0.7433690662636198], "energy": [0.12509513688065058, 0.167128112181884, 0.2208880390869477, 0.04823171089610758, 0.19385135428333308], "r2": [], "weighted_wasserstein": [0.7048087337088755, 0.346147656406859, 0.508052708561035, 0.3136832939402985, 0.6581328649143966]}