{"mmd": [0.04851198568940163, 0.01275991927832365, 0.09398049116134644, 0.3184545934200287], "wasserstein": [0.3756483919407867, 0.14174416661470807, 0.4447773223943828, 0.8169221904751002], "energy": [0.17366566530136918, 0.04976001576732692, 0.1901862470054337, 0.21134940391572096], "r2": [0.316525399684906, -0.02834153175354004, -1.4642021656036377, -10.914825439453125], "weighted_wasserstein": [0.4295369068939929, 0.323301084612289, 0.4733958890586388, 0.8424742333352553]}