{"mmd": [0.3817642629146576, 0.0342349112033844, 0.02956760860979557, 0.02259664237499237, 0.29923519492149353], "wasserstein": [0.5289697187648932, 0.34767051123125164, 0.4353971747301274, 0.1239748667209923, 0.6206362298213551], "energy": [0.13365693675425303, 0.16767758507699357, 0.20577229532390326, 0.04514285390276262, 0.1635452842587456], "r2": [], "weighted_wasserstein": [0.5997382793061626, 0.34867333637895964, 0.47216143923022524, 0.17248743972383862, 0.6046477472307533]}