{"mmd": [0.035138487815856934, 0.01198005210608244, 0.04402993246912956, 0.32962554693222046], "wasserstein": [0.36520571954420045, 0.11888612678452427, 0.3822693596591202, 0.6583614578612431], "energy": [0.1750342862639679, 0.046425039457724214, 0.18228658143288515, 0.16785336148209962], "r2": [0.27198368310928345, -4.76837158203125e-06, -0.6341789960861206, -8.542633056640625], "weighted_wasserstein": [0.42794953617856146, 0.2942278663233235, 0.40213112229446796, 0.6910211634992255]}