{"mmd": [0.28241634368896484, 0.03962273895740509, 0.032480109483003616, 0.053786810487508774, 0.21229763329029083], "wasserstein": [0.5268458340092819, 0.35464899694233387, 0.4414986854615155, 0.21550194676543447, 0.613969419902913], "energy": [0.12006926878902607, 0.16911648233130228, 0.19256548477427318, 0.06580270365312858, 0.16056454587339786], "r2": [], "weighted_wasserstein": [0.8469662403127586, 0.3221200409943389, 0.45547456509588063, 0.2946182236283465, 0.6383302641853028]}