{"mmd": [0.04016876593232155, 0.014449093490839005, 0.07404422760009766, 0.32184234261512756], "wasserstein": [0.37081824687007847, 0.12466721361761421, 0.40073499786212596, 0.7193310049111896], "energy": [0.17333353234513618, 0.04935937112465156, 0.18687227975437817, 0.18965848912772043], "r2": [0.29545271396636963, -0.038129568099975586, -1.1112782955169678, -9.04330062866211], "weighted_wasserstein": [0.42632436203157187, 0.2883325767734818, 0.432294462336155, 0.7481791677431348]}