{"mmd": [0.27792415022850037, 0.03961983323097229, 0.03548198565840721, 0.07619712501764297, 0.23235468566417694], "wasserstein": [0.3971002806166152, 0.34602931054681585, 0.4511203618840543, 0.22646930344966199, 0.5650401225907004], "energy": [0.10595930393976755, 0.17368990733573067, 0.1993843176239738, 0.07265621471246599, 0.1511885054141536], "r2": [], "weighted_wasserstein": [0.5992819689031844, 0.34569255277221356, 0.4859244567736943, 0.23254200145018758, 0.5633672518469779]}