{"mmd": [0.039577510207891464, 0.011938645504415035, 0.04600580409169197, 0.32641634345054626], "wasserstein": [0.3641386669542136, 0.14828309915335916, 0.3846394300253436, 0.7185477361451847], "energy": [0.1802540939667456, 0.05341294755604286, 0.18240260479485546, 0.18752021170263758], "r2": [0.2535611391067505, -0.0083543062210083, -0.6590322256088257, -8.542473793029785], "weighted_wasserstein": [0.426901508525794, 0.3155380034613259, 0.4045083943752559, 0.7426128119739995]}