{"mmd": [0.4469388425350189, 0.05286276340484619, 0.06649958342313766, 0.021818382665514946, 0.34659886360168457], "wasserstein": [0.5834575260000511, 0.3919554745285834, 0.5530138657309479, 0.12283285292611477, 0.8267748184810094], "energy": [0.1445949755872586, 0.18182763059868773, 0.2329023440997241, 0.05479255460704207, 0.21528001935856697], "r2": [], "weighted_wasserstein": [0.6597753662468466, 0.4076415339600983, 0.5410634771616183, 0.1460671491364831, 0.7961266872729558]}