{"mmd": [0.055369261652231216, 0.012277789413928986, 0.042436156421899796, 0.32985103130340576], "wasserstein": [0.4143015870622447, 0.12316355626586245, 0.38407969902229405, 0.7840191953682664], "energy": [0.1903668150496669, 0.05040198113014525, 0.18209235911037266, 0.2094834738968237], "r2": [0.3228481411933899, 0.04152238368988037, -0.6209151744842529, -9.875582695007324], "weighted_wasserstein": [0.45595769440717604, 0.2938583161414956, 0.40109895923024175, 0.8116314742206991]}