{"mmd": [0.30504247546195984, 0.03823874145746231, 0.031858254224061966, 0.03849818930029869, 0.24772942066192627], "wasserstein": [0.48983664585761205, 0.35351235835304856, 0.4452150214796973, 0.18504151616995068, 0.6478422907988497], "energy": [0.11466331596095111, 0.1679567819906881, 0.19684018183930482, 0.04926506172128096, 0.16947206689031094], "r2": [], "weighted_wasserstein": [0.5818517954476852, 0.34831419982585976, 0.47387249393525427, 0.13973749671666538, 0.6432360072835791]}