{"mmd": [0.04175944998860359, 0.013070285320281982, 0.04697112366557121, 0.3245849907398224], "wasserstein": [0.3695683848349803, 0.13218112402096682, 0.38407337055498586, 0.7001456040156601], "energy": [0.17304318911897026, 0.05131650042393635, 0.18051430206831162, 0.19970969204576697], "r2": [0.2882794737815857, 0.003928542137145996, -0.6832469701766968, -7.549822807312012], "weighted_wasserstein": [0.42114014251204496, 0.30445452071940315, 0.40412150105272937, 0.7279361292340262]}