{"mmd": [0.032227519899606705, 0.010334753431379795, 0.04443758353590965, 0.3302455246448517], "wasserstein": [0.37178040690571923, 0.13481637316762976, 0.39607144897725177, 0.8938677281211552], "energy": [0.18828799742875094, 0.051753117635789006, 0.18847921110372182, 0.23237228359799458], "r2": [0.22569888830184937, 0.04057931900024414, -0.647426962852478, -10.913641929626465]}