{"mmd": [0.3393799364566803, 0.03490656241774559, 0.02512199617922306, 0.029720855876803398, 0.24927759170532227], "wasserstein": [0.6842481335627958, 0.3576453509145381, 0.45115359974243957, 0.2647335940090348, 0.8058988285774875], "energy": [0.12819277841207907, 0.16975577949720405, 0.2012600950233882, 0.05952882796176502, 0.17784749607965536], "r2": [], "weighted_wasserstein": [0.8771904780814442, 0.3594208663971321, 0.5192290208440046, 0.46515137250594346, 0.896298599802376]}