{"mmd": [0.036088719964027405, 0.0144088389351964, 0.04366278648376465, 0.33194229006767273], "wasserstein": [0.3749108389659397, 0.1281777922784162, 0.38480098917571637, 0.7856762981402361], "energy": [0.17637566427894916, 0.047011018241566456, 0.18268085932046552, 0.22278134646897535], "r2": [0.2769072651863098, -0.04456913471221924, -0.6488244533538818, -8.601959228515625], "weighted_wasserstein": [0.43356961389747517, 0.31660996460758356, 0.4036271079490322, 0.8038006979161693]}