{"mmd": [0.38072729110717773, 0.03092670440673828, 0.0302121639251709, 0.04055050015449524, 0.2959286868572235], "wasserstein": [0.49899066269184533, 0.350269913396766, 0.4157012033521861, 0.13579291142928634, 0.6537870727377735], "energy": [0.12821597402791332, 0.17909742837096893, 0.19588917619617496, 0.04990851974720479, 0.17529864351975824], "r2": [], "weighted_wasserstein": [0.6226048949999027, 0.35479890283714366, 0.4639623771071911, 0.19368027511087446, 0.609285165071129]}