{"mmd": [0.031589433550834656, 0.01281648874282837, 0.045071374624967575, 0.3254255950450897], "wasserstein": [0.36407701669261855, 0.12973190161635031, 0.3912487661013793, 0.7336604235314637], "energy": [0.1829921408460587, 0.05005483000547167, 0.18451508928308125, 0.1945054994753346], "r2": [0.22200196981430054, 0.04223787784576416, -0.6688703298568726, -9.035152435302734], "weighted_wasserstein": [0.43247137062857477, 0.30253179996506047, 0.41063373508848316, 0.7592871128832974]}