{"mmd": [0.2989278733730316, 0.038782913237810135, 0.03327871114015579, 0.03763366490602493, 0.22950245440006256], "wasserstein": [0.45390408963359996, 0.3653361262439867, 0.4875255890979324, 0.17908785196439148, 0.6416804825281851], "energy": [0.11121331075515478, 0.17465696827461263, 0.20707216981367146, 0.052961101868315055, 0.17349894464238694], "r2": [], "weighted_wasserstein": [0.6403454420119417, 0.3541332177469366, 0.49276545888803386, 0.2218935703217708, 0.6455682143197136]}