{"mmd": [0.04027775675058365, 0.012197119183838367, 0.051930829882621765, 0.3272566497325897], "wasserstein": [0.38165242233284596, 0.1571136526295501, 0.3852246925214029, 0.740315917916586], "energy": [0.18018137782157884, 0.05339104485645404, 0.18213084897603696, 0.2049990952080139], "r2": [0.28344857692718506, 0.04516637325286865, -0.7600739002227783, -8.60999584197998], "weighted_wasserstein": [0.43473250093672844, 0.3085531789232751, 0.4099831341214125, 0.7679321875015261]}