{"mmd": [0.39691194891929626, 0.04148169979453087, 0.04068410024046898, 0.018765630200505257, 0.319944828748703], "wasserstein": [0.504771610894304, 0.3865940815672833, 0.49212818562331523, 0.09921641742997175, 0.7353625449115048], "energy": [0.13400150046305023, 0.1847741033789473, 0.20817069732810187, 0.037528098244439485, 0.21773208463232693], "r2": [], "weighted_wasserstein": [0.6001253971413374, 0.37954121310862476, 0.5026946965680181, 0.14347389726321913, 0.7169926582967069]}