{"mmd": [0.043499965220689774, 0.013603545725345612, 0.04193415120244026, 0.325771301984787], "wasserstein": [0.40375894140438506, 0.1336354644504022, 0.3795461359513235, 0.7340032858151624], "energy": [0.1898089789841606, 0.05116882806694448, 0.17931049662936888, 0.21563605724948115], "r2": [0.29248756170272827, 0.00041663646697998047, -0.6036838293075562, -7.814526557922363], "weighted_wasserstein": [0.44808304479558364, 0.3070663579943374, 0.3971379738587948, 0.7560425476093451]}