{"mmd": [0.3666624128818512, 0.032599762082099915, 0.03161130100488663, 0.039440885186195374, 0.27451983094215393], "wasserstein": [0.561530989582866, 0.34644118668039153, 0.4641606371064043, 0.15195819415721268, 0.7324200058471109], "energy": [0.1341948548918084, 0.17220033007400437, 0.2122327798845412, 0.06112298682090283, 0.18199583764500799], "r2": [], "weighted_wasserstein": [0.6711440394831456, 0.3433008548164163, 0.49721211262707554, 0.2409257435797804, 0.678238877549239]}