{"mmd": [0.03288567438721657, 0.011439665220677853, 0.05391213297843933, 0.32739225029945374], "wasserstein": [0.36147922783072944, 0.14135482747318093, 0.4035602298682094, 0.8311956729959749], "energy": [0.1763706135113968, 0.05628943469107662, 0.18721897645771698, 0.20573294139902001], "r2": [0.24786359071731567, 0.06720393896102905, -0.8022308349609375, -11.998891830444336], "weighted_wasserstein": [0.4284779465772196, 0.307394838703816, 0.42246213511854136, 0.8573025488132406]}