{"mmd": [0.3220289945602417, 0.04598928987979889, 0.03647112473845482, 0.059927452355623245, 0.2599891424179077], "wasserstein": [0.46971170922878686, 0.36206928820298534, 0.485986387622628, 0.2007685372618492, 0.6431117168585158], "energy": [0.12513136622050874, 0.17018956244941402, 0.21951900886210698, 0.07726212601850808, 0.1829355134882355], "r2": [], "weighted_wasserstein": [0.5353502438868066, 0.35922736075738365, 0.48026456692693137, 0.2555913253584501, 0.5537229640730316]}