{"mmd": [0.0456564761698246, 0.012171710841357708, 0.04713448882102966, 0.326104074716568], "wasserstein": [0.38061518644449016, 0.13575562402334077, 0.3809167912385295, 0.7189836733274568], "energy": [0.17731406726944646, 0.049462292863176466, 0.17969183177483264, 0.19383154113323914], "r2": [0.3100091218948364, 0.026188373565673828, -0.6748664379119873, -8.682538032531738], "weighted_wasserstein": [0.434756826559845, 0.3022200297099448, 0.40164842654905564, 0.7424101343991611]}