{"mmd": [0.37976542115211487, 0.043537940829992294, 0.04194176197052002, 0.01630222238600254, 0.29213055968284607], "wasserstein": [0.5163971258787425, 0.36865633109091966, 0.5104371979954978, 0.13515561620125716, 0.7281530268162575], "energy": [0.12893631622039073, 0.17387726674299972, 0.22206087728074528, 0.04673501247201637, 0.2002250978593643], "r2": [], "weighted_wasserstein": [0.5987178991467849, 0.3576366382807664, 0.4978555632544974, 0.21992910877063523, 0.6463154549275855]}