{"mmd": [0.04490173980593681, 0.011748850345611572, 0.04298098012804985, 0.329118549823761], "wasserstein": [0.3861282774416858, 0.1467491008476331, 0.3818386920938455, 0.7675187661850092], "energy": [0.17903460047932904, 0.05298548351918736, 0.18107422244054835, 0.2077617975277049], "r2": [0.3026845455169678, 0.0063773393630981445, -0.6401021480560303, -9.062409400939941], "weighted_wasserstein": [0.43695983959131834, 0.32118244681824887, 0.4008086457104595, 0.7909497753033137]}