{"mmd": [0.3965350091457367, 0.03378500044345856, 0.030555108562111855, 0.01364885549992323, 0.2998521029949188], "wasserstein": [0.5954117431174819, 0.3581299450974281, 0.4559697847853484, 0.08561541877205572, 0.7715290990390816], "energy": [0.14249513595268204, 0.1771442887236512, 0.21266184769609395, 0.03239334633818289, 0.1938016475338693], "r2": [], "weighted_wasserstein": [0.692464647701881, 0.3550693560561255, 0.4551919171705086, 0.13044463174726922, 0.7275254206154739]}