{"mmd": [0.03505133092403412, 0.012753362767398357, 0.04036574810743332, 0.3252878487110138], "wasserstein": [0.374551742636625, 0.12807100588364279, 0.3797796564799042, 0.7815094328042883], "energy": [0.18278684664899972, 0.04957018487084383, 0.181312644666272, 0.19755600050939554], "r2": [0.2460755705833435, 0.01535642147064209, -0.591194748878479, -10.679607391357422], "weighted_wasserstein": [0.4369405608090496, 0.30409829655146325, 0.3964448961531801, 0.8079390397141266]}