{"mmd": [0.31176015734672546, 0.032758355140686035, 0.02474302053451538, 0.05135640129446983, 0.24623943865299225], "wasserstein": [0.4380883971630671, 0.344534901876427, 0.4624541286414969, 0.19722349851200738, 0.6442020581977482], "energy": [0.11419366431383415, 0.16808447927509815, 0.2098820928858033, 0.06176365783067886, 0.18662814122528343], "r2": [], "weighted_wasserstein": [0.5690533384594361, 0.3562626844765108, 0.49785727126498325, 0.24362708600043279, 0.6214177284544654]}