{"mmd": [0.03345608711242676, 0.01203985046595335, 0.046651218086481094, 0.3282015025615692], "wasserstein": [0.3632532812187669, 0.12924753446441944, 0.3867686646977869, 0.7588270881391741], "energy": [0.17545729300671423, 0.048318109335641714, 0.18277573583004664, 0.21105418683740326], "r2": [0.26498621702194214, 0.0175703763961792, -0.6667702198028564, -8.799582481384277], "weighted_wasserstein": [0.4341629881266978, 0.3039803430577341, 0.4057681003778974, 0.777417646779435]}