{"mmd": [0.3429558277130127, 0.03427237644791603, 0.028162019327282906, 0.03471861407160759, 0.2603866457939148], "wasserstein": [0.5237878464873849, 0.3548997810123182, 0.4576328515578074, 0.1685773331922511, 0.6359202319666589], "energy": [0.13165122037882024, 0.17505419700163855, 0.2145366172626566, 0.05384538770475496, 0.15849159120006423], "r2": [], "weighted_wasserstein": [0.5584655219843339, 0.3590529416728253, 0.5233860261073259, 0.2979607384650578, 0.579562605637754]}