{"mmd": [0.035052716732025146, 0.011592254973948002, 0.04261345788836479, 0.32884517312049866], "wasserstein": [0.37324274857623896, 0.14905408505846668, 0.38248991962797835, 0.7115686562336252], "energy": [0.18292127842083333, 0.053273195764065, 0.18237568518476208, 0.17302370820724286], "r2": [0.2701112627983093, 0.018520653247833252, -0.618557333946228, -9.953896522521973], "weighted_wasserstein": [0.44239494701874743, 0.3162804778488157, 0.40091454823803824, 0.7444945741577792]}