{"mmd": [0.17276401817798615, 0.05296845734119415, 0.05503919720649719, 0.0375230647623539, 0.03883908689022064], "wasserstein": [0.25584805511411096, 0.40388283600226227, 0.522501084734032, 0.09784757389917396, 0.2084290670066971], "energy": [0.10588906814125512, 0.1870783963035733, 0.2205285292561514, 0.04263633161084547, 0.11812262714014336], "r2": []}