{"mmd": [0.3123045563697815, 0.032899126410484314, 0.02911868691444397, 0.05058411881327629, 0.25211676955223083], "wasserstein": [0.4602426001923729, 0.34178994600293683, 0.43381017780487124, 0.1601565030706796, 0.6521258406030225], "energy": [0.11706254882338148, 0.17100003298194183, 0.20780551336539568, 0.05235243912911622, 0.1752155076680543], "r2": [], "weighted_wasserstein": [0.6073947671852714, 0.34198446387336323, 0.4574734476521325, 0.17033815946959452, 0.655467289418015]}