{"mmd": [0.03390556201338768, 0.012811079621315002, 0.0434994101524353, 0.3283831775188446], "wasserstein": [0.3574734691429467, 0.12324575677334064, 0.383223203556791, 0.761995148181908], "energy": [0.17611206461809484, 0.04832051025653436, 0.18276931951787578, 0.2009112447361272], "r2": [0.24225938320159912, 0.003658592700958252, -0.6275314092636108, -9.474221229553223], "weighted_wasserstein": [0.4263631051064193, 0.30203415767384967, 0.4011331983560553, 0.7831470296708873]}