{"mmd": [0.3062545359134674, 0.03329649195075035, 0.028915902599692345, 0.04942743107676506, 0.2412072867155075], "wasserstein": [0.4823863776515055, 0.34832326452037027, 0.4123814531309707, 0.1853373337328066, 0.5824309574122963], "energy": [0.12263430117888792, 0.17777964406025565, 0.19103492441602105, 0.0661291508690026, 0.15050948395651073], "r2": [], "weighted_wasserstein": [0.586361861218586, 0.3495903829692892, 0.4798540390478889, 0.1724208125706787, 0.6271127142773959]}