{"mmd": [0.032881077378988266, 0.012286367826163769, 0.050278931856155396, 0.3262888491153717], "wasserstein": [0.3635187138720284, 0.11982884307587485, 0.39273677574104027, 0.7051163656135422], "energy": [0.18226054502822198, 0.05036138500297836, 0.18602599372780643, 0.18246217309809157], "r2": [0.23960983753204346, 0.02419644594192505, -0.7391889095306396, -8.72380256652832], "weighted_wasserstein": [0.4311242934021921, 0.3044649028133044, 0.4131706441594525, 0.7261321239313329]}