{"mmd": [0.37381991744041443, 0.03870644047856331, 0.03203805163502693, 0.034049421548843384, 0.2842104434967041], "wasserstein": [0.5342694953864877, 0.3624358279073628, 0.4398279691319961, 0.11169561823800012, 0.8325349375277905], "energy": [0.13408499012483746, 0.17732009721646966, 0.2068247688376909, 0.045859662324247, 0.22371603952341218], "r2": [], "weighted_wasserstein": [0.7525882663054091, 0.3606158993298805, 0.47317403510639705, 0.16678424129090916, 0.7812381668828163]}