{"mmd": [0.039419326931238174, 0.013237706385552883, 0.043649058789014816, 0.3254574239253998], "wasserstein": [0.3814259244501775, 0.12825733415329657, 0.38911726928480633, 0.9427356286040919], "energy": [0.18308437326198818, 0.04983028239241816, 0.18239596843426736, 0.24506939042232936], "r2": [0.27746081352233887, 0.008604824542999268, -0.6321042776107788, -12.110400199890137], "weighted_wasserstein": [0.4426553625865121, 0.3006050331942567, 0.4066929683012984, 0.9586658558647221]}