{"mmd": [0.344364196062088, 0.03244616091251373, 0.07419365644454956, 0.08566975593566895, 0.15322339534759521], "wasserstein": [0.6731577245015321, 0.38958578275449984, 0.6209734980089482, 0.30168774528347064, 0.3856987501267054], "energy": [0.21710131559371987, 0.1922707089423817, 0.23316791389114574, 0.07435622702039771, 0.11203432926564626], "r2": [], "weighted_wasserstein": [1.0898913061414945, 0.400124376946792, 0.6904129142944456, 0.7108702608430535, 0.8904887495734515]}