{"mmd": [0.037329401820898056, 0.013422285206615925, 0.06711522489786148, 0.02654336951673031], "wasserstein": [0.38613743531627703, 0.1653494025642131, 0.37436099575042275, 0.21717664639028264], "energy": [0.1903737923243912, 0.05514789206225379, 0.1748772331372516, 0.11653336090463612], "r2": [0.2662491798400879, -0.03194928169250488, -0.8156071901321411, -0.30630946159362793], "weighted_wasserstein": [0.43989810390739337, 0.3329999784450034, 0.38998094608744566, 0.22192225071922325]}