{"mmd": [0.34833064675331116, 0.03704452142119408, 0.026964837685227394, 0.030376538634300232, 0.2646607458591461], "wasserstein": [0.5201579940112859, 0.36411620104540526, 0.4784615457120948, 0.21099373938958016, 0.6698650953825843], "energy": [0.12135365300641597, 0.1739083969731399, 0.21707007436949063, 0.06366627255158129, 0.1720542615521121], "r2": [], "weighted_wasserstein": [0.6588644526611013, 0.36788386932899525, 0.5041532416562354, 0.30946664190838286, 0.6437946613918508]}