{"mmd": [0.03776289150118828, 0.0124364597722888, 0.04372112825512886, 0.32913681864738464], "wasserstein": [0.38184267795611837, 0.14104707921975723, 0.377542904719533, 0.7413391124675758], "energy": [0.17938607272460783, 0.051123945526760806, 0.17983129545330998, 0.1993067533030256], "r2": [0.28041452169418335, -0.001146078109741211, -0.6363815069198608, -9.013864517211914], "weighted_wasserstein": [0.44016402284583933, 0.32133185516705076, 0.3980455749666221, 0.7696635627893063]}