{"mmd": [0.31818100810050964, 0.03409204259514809, 0.029921403154730797, 0.034618720412254333, 0.25659796595573425], "wasserstein": [0.4540705097134009, 0.35689603923996194, 0.4491944045774085, 0.19270650744293139, 0.6706718705976408], "energy": [0.10632658926958945, 0.17512308526670534, 0.20631765679714334, 0.05591705080709948, 0.17552053728491082], "r2": [], "weighted_wasserstein": [0.7240678335126354, 0.34658757896340797, 0.5092710738032485, 0.3303545869966063, 0.682402795156567]}