{"mmd": [0.03566230461001396, 0.011899355798959732, 0.05076079070568085, 0.3291757106781006], "wasserstein": [0.3745613589199836, 0.1425554537864524, 0.3977910251073722, 0.7682650496451606], "energy": [0.1811517035871902, 0.05350407589325263, 0.18693882329516678, 0.22467061649426712], "r2": [0.2571974992752075, 0.019553065299987793, -0.7917089462280273, -8.078094482421875], "weighted_wasserstein": [0.43888484798143657, 0.3170004274991291, 0.4178233134314821, 0.7877830840878002]}