{"mmd": [0.29840388894081116, 0.0368938222527504, 0.026852764189243317, 0.05588682368397713, 0.2240932732820511], "wasserstein": [0.5148862972571719, 0.35442927390775697, 0.4667661989893731, 0.28170186907208444, 0.6228575711128199], "energy": [0.11067607049439734, 0.17000091983233573, 0.20570228793536277, 0.0780274291774373, 0.1566875644625984], "r2": [], "weighted_wasserstein": [0.7510966168639384, 0.37375482835956053, 0.5066427825147924, 0.3556959782377941, 0.6622604869800595]}