{"mmd": [0.03772394731640816, 0.013488374650478363, 0.04843377694487572, 0.32788780331611633], "wasserstein": [0.37391442810078723, 0.1342948028135123, 0.38644287825691814, 0.7462469672463772], "energy": [0.17688843026138507, 0.04729066803744299, 0.18201999730742505, 0.20697090346742714], "r2": [0.2787846326828003, -0.028348445892333984, -0.7336990833282471, -8.668164253234863], "weighted_wasserstein": [0.4387902270082278, 0.3221579910304723, 0.40802938255371946, 0.7721346147721886]}