{"mmd": [0.399816632270813, 0.043685536831617355, 0.04233652353286743, 0.03038892149925232, 0.3324843645095825], "wasserstein": [0.47700780951500277, 0.35513135088414205, 0.4632993670554849, 0.11030237792438308, 0.7073682166637238], "energy": [0.13225307309062578, 0.1703103900804712, 0.2170331452990159, 0.046279639418816125, 0.21956907062379863], "r2": [], "weighted_wasserstein": [0.5519094690218627, 0.34910564293128815, 0.46989708305037337, 0.11702241947163022, 0.6776884816236425]}