{"mmd": [0.045556146651506424, 0.012635055929422379, 0.04390038922429085, 0.32720887660980225], "wasserstein": [0.37491051773788664, 0.14049512987660537, 0.38105678947045607, 0.7213077767961299], "energy": [0.17765075775220618, 0.05555963029419149, 0.17955869065445518, 0.2060826458200795], "r2": [0.30106455087661743, 0.032948195934295654, -0.6139881610870361, -7.960654258728027], "weighted_wasserstein": [0.43006985745582216, 0.30610365799229156, 0.40083866549064384, 0.7496944149999337]}