{"mmd": [0.3432251214981079, 0.0452720932662487, 0.03899360075592995, 0.06343623995780945, 0.2864384055137634], "wasserstein": [0.40406723351176954, 0.3722249598854449, 0.4627346371597552, 0.16858524598386102, 0.6480884365419176], "energy": [0.1118378027444447, 0.17518402696977955, 0.20431585661464086, 0.06303810793003556, 0.1859689540972338], "r2": [], "weighted_wasserstein": [0.5442101101893841, 0.3642209047105872, 0.47336070866326996, 0.15717384678385077, 0.659387469178407]}