{"mmd": [0.04669572040438652, 0.011606082320213318, 0.04170727729797363, 0.3298126757144928], "wasserstein": [0.39026123713108124, 0.13187167168262004, 0.3763238620220671, 0.7296905791738646], "energy": [0.18212422791461727, 0.05024160109668402, 0.1806690896642002, 0.20358678630687665], "r2": [0.3098212480545044, 0.02651280164718628, -0.5892518758773804, -8.340197563171387], "weighted_wasserstein": [0.4429156092927696, 0.30248213480982844, 0.3942065431263485, 0.7546541831679741]}