{"mmd": [0.35181358456611633, 0.03955067694187164, 0.03755330666899681, 0.026954567059874535, 0.26913461089134216], "wasserstein": [0.5814368319882097, 0.37117935751724684, 0.4912822406164302, 0.18084518251724357, 0.7395990950649625], "energy": [0.12137014349299312, 0.1778823899921001, 0.20512335501530174, 0.045663334294810544, 0.18080490254933926], "r2": [], "weighted_wasserstein": [1.0222224814743373, 0.363687838877006, 0.4876732518931034, 0.3689632143741024, 0.8597576235992999]}