{"mmd": [0.04103011265397072, 0.01326709520071745, 0.05706142261624336, 0.3269733488559723], "wasserstein": [0.3868149037543034, 0.13526559339825447, 0.4014611779982716, 0.7645469246383476], "energy": [0.18272576895769937, 0.052921937122633135, 0.1842893056127182, 0.21193606422905095], "r2": [0.2808877229690552, 0.0036829710006713867, -0.8536866903305054, -8.903831481933594], "weighted_wasserstein": [0.44254483788303006, 0.30383346839688313, 0.42329758426284986, 0.7885068917062978]}