{"mmd": [0.3758688271045685, 0.03585277125239372, 0.03324974700808525, 0.02898290753364563, 0.29285526275634766], "wasserstein": [0.5055304297128639, 0.3589730036246206, 0.4376751662569654, 0.08045760186467935, 0.7146725837278437], "energy": [0.12914123591348567, 0.17324282557404833, 0.20948596937894617, 0.032285744213254586, 0.19567222644086232], "r2": [], "weighted_wasserstein": [0.616964195783158, 0.33973269469258915, 0.44879823027421845, 0.1650812881088623, 0.6475695191716034]}