{"mmd": [0.03777137026190758, 0.014113915152847767, 0.05110117420554161, 0.32631969451904297], "wasserstein": [0.37548434406939357, 0.11704676126321786, 0.39431271605881174, 0.7704778488282459], "energy": [0.17836831755205007, 0.047837756614208006, 0.18593662935331717, 0.21175555060072582], "r2": [0.2665673494338989, 0.0090445876121521, -0.7446975708007812, -9.237438201904297], "weighted_wasserstein": [0.43149444737658293, 0.29972549386144415, 0.4148490600242398, 0.7962187302441408]}