{"mmd": [0.35146042704582214, 0.03506564721465111, 0.027488673105835915, 0.024492792785167694, 0.26751047372817993], "wasserstein": [0.5025378736584587, 0.3687604306916539, 0.47552575983837375, 0.13559951793777011, 0.8162443334927745], "energy": [0.1254842799360865, 0.17780133898720327, 0.2191646529693286, 0.046626976943560876, 0.20650263042137876], "r2": [], "weighted_wasserstein": [0.643564453417405, 0.3623552419890273, 0.5040136279712312, 0.1664766056763725, 0.7508577284904882]}