{"mmd": [0.036217622458934784, 0.011469871737062931, 0.044740889221429825, 0.32569676637649536], "wasserstein": [0.38387138046372227, 0.13809749050497863, 0.3821804993677046, 0.8561760065944047], "energy": [0.18404398106929992, 0.05202728001456595, 0.18154781577819035, 0.21797450942910213], "r2": [0.25727134943008423, 0.03130251169204712, -0.6523553133010864, -11.118048667907715], "weighted_wasserstein": [0.44377962163730555, 0.30292796059124705, 0.4002845169914812, 0.8761502342215155]}