{"mmd": [0.3161793351173401, 0.03588401898741722, 0.02859893999993801, 0.05413657799363136, 0.23745985329151154], "wasserstein": [0.4868815708893199, 0.3597810547584555, 0.45289090536048987, 0.14148630490059452, 0.6313780527330112], "energy": [0.11981074941877197, 0.17741851343828452, 0.20329342423335103, 0.04604305076667684, 0.16802103173452743], "r2": [], "weighted_wasserstein": [0.6572177862949806, 0.35395696816592215, 0.4783295993378434, 0.21675922692691565, 0.610940091629521]}