{"mmd": [0.036264169961214066, 0.011920787394046783, 0.06747566908597946, 0.31916582584381104], "wasserstein": [0.37793529276906807, 0.1330033914901954, 0.40907920059568714, 0.7315602601326145], "energy": [0.18352605752444662, 0.053816500316493474, 0.1915094543504071, 0.18916113269066234], "r2": [0.27079445123672485, 0.018933117389678955, -1.0296638011932373, -9.318511009216309], "weighted_wasserstein": [0.44100828041102463, 0.3085322599066319, 0.43560708312146873, 0.7527566740929675]}