{"mmd": [0.429088830947876, 0.053968966007232666, 0.0498240627348423, 0.010314402170479298, 0.3365282118320465], "wasserstein": [0.5661952959524466, 0.39003872283838725, 0.5151123893139555, 0.10979263834533684, 0.8185368652327064], "energy": [0.14248604686460337, 0.1769660809960199, 0.2274746750269585, 0.053009418391064496, 0.23337371954226396], "r2": [], "weighted_wasserstein": [0.6204367830536593, 0.38598277279291116, 0.507840303428317, 0.13009698654053006, 0.8032192976435538]}