{"mmd": [0.05578825995326042, 0.01190704945474863, 0.03839670494198799, 0.3287450969219208], "wasserstein": [0.40974151227431455, 0.13509262227840121, 0.36716059324713024, 0.8258721516266866], "energy": [0.18418429602675773, 0.05005190193169765, 0.17768748765884473, 0.23457580376743042], "r2": [0.3436039686203003, -0.0022640228271484375, -0.5478887557983398, -9.715288162231445], "weighted_wasserstein": [0.4493165635648106, 0.3056151472064655, 0.38492335567816405, 0.8482758073988613]}