{"mmd": [0.2966890335083008, 0.03151601552963257, 0.027460599318146706, 0.059768397361040115, 0.20166032016277313], "wasserstein": [0.582305846773996, 0.35620893585967317, 0.485686736753338, 0.3068916905879352, 0.6165258904368158], "energy": [0.11782844364558487, 0.18149388268563796, 0.20314353864975862, 0.07494462354399839, 0.1416880786430627], "r2": [], "weighted_wasserstein": [0.6198232150570011, 0.3515158073602594, 0.5026807519729394, 0.3810036078125261, 0.5172314028714163]}