{"mmd": [0.031586844474077225, 0.011822323314845562, 0.06131555512547493, 0.3252999782562256], "wasserstein": [0.37268780446698163, 0.1440934488706253, 0.40002319438768175, 0.7392586031055685], "energy": [0.18663588058760067, 0.05393492867284773, 0.18809176400153663, 0.19582641000483741], "r2": [0.24197769165039062, 0.0334935188293457, -0.9169492721557617, -8.986444473266602], "weighted_wasserstein": [0.44217128969841873, 0.3135589957885498, 0.42564271220780214, 0.7575854310920558]}