{"mmd": [0.3092535734176636, 0.033104050904512405, 0.025989079847931862, 0.04970337077975273, 0.2283587008714676], "wasserstein": [0.4812128287889452, 0.36179832363408476, 0.4667441779890907, 0.1619491560244084, 0.6860221185531805], "energy": [0.11530444758735461, 0.1812256058905419, 0.20746227529986483, 0.04860134343823426, 0.17690672357594214], "r2": [], "weighted_wasserstein": [0.6510741544105186, 0.3559580892616703, 0.514907107520035, 0.27304248027436523, 0.6003664702928994]}