{"mmd": [0.03374631330370903, 0.011215356178581715, 0.052278775721788406, 0.3255610466003418], "wasserstein": [0.37911758885949903, 0.14864546455600688, 0.39358604652359647, 0.7899543762026263], "energy": [0.1871381873186266, 0.055700304253122494, 0.18654914918558446, 0.194555201937429], "r2": [0.25996214151382446, 0.03867006301879883, -0.7486557960510254, -10.888981819152832], "weighted_wasserstein": [0.4463835934321776, 0.3127031357656739, 0.4135381119685583, 0.8164610540080791]}