{"mmd": [0.32202833890914917, 0.043276380747556686, 0.03578927740454674, 0.05265616998076439, 0.23219573497772217], "wasserstein": [0.550590032331934, 0.3506784073332797, 0.457927990124412, 0.14444458019440304, 0.719177161180454], "energy": [0.1300762463736095, 0.16506903644912943, 0.2052186474448596, 0.04764648655972788, 0.19447011928510316], "r2": [], "weighted_wasserstein": [0.7247699268143963, 0.3469189675354594, 0.46061575083205875, 0.24855047982182965, 0.6737460659629738]}