{"mmd": [0.043698396533727646, 0.014306128025054932, 0.09361831098794937, 0.3188563883304596], "wasserstein": [0.37203496429899474, 0.1337659101649407, 0.4538113593213458, 0.774140708192409], "energy": [0.173013390087394, 0.04733235330973893, 0.19335316473792294, 0.20414673819858248], "r2": [0.3172926902770996, -0.059601545333862305, -1.4400835037231445, -9.884510040283203], "weighted_wasserstein": [0.4386488235419515, 0.3046408265526615, 0.4813191668677326, 0.8008038956174557]}