{"mmd": [0.3173125088214874, 0.04873933270573616, 0.04193258658051491, 0.05634858086705208, 0.24075289070606232], "wasserstein": [0.5042590568752499, 0.3746997365126737, 0.4716390491408383, 0.10279773374224316, 0.7439655922007457], "energy": [0.12300998168329952, 0.17800998617550273, 0.21349043473014115, 0.036889218318186, 0.19648144876374163], "r2": [], "weighted_wasserstein": [0.7565385324261911, 0.36631927188513697, 0.4773037408717168, 0.2122341214612516, 0.6772526352368133]}