{"mmd": [0.0483531653881073, 0.013433056883513927, 0.07734393328428268, 0.31503477692604065], "wasserstein": [0.39321412508931985, 0.1433560501621014, 0.41053728507409315, 0.8527296876012582], "energy": [0.1833058109001282, 0.051014973729267526, 0.18717273862392583, 0.21309703254860224], "r2": [0.31404346227645874, -0.01691114902496338, -1.1865932941436768, -11.876260757446289], "weighted_wasserstein": [0.4409842428485054, 0.3060459692595188, 0.43706475531928746, 0.8769707560844505]}