{"mmd": [0.26436910033226013, 0.03358631953597069, 0.024782856926321983, 0.06409171968698502, 0.1909462809562683], "wasserstein": [0.5608338622116227, 0.3598701079125521, 0.4691018870531627, 0.26498389605252676, 0.5867879853887866], "energy": [0.1244251597577881, 0.17431536633359465, 0.19773271646320995, 0.07392438170209598, 0.13853402481955618], "r2": [], "weighted_wasserstein": [0.8843244667826742, 0.3427605764696188, 0.4917304692914849, 0.34117412713566814, 0.6450615696702553]}