{"mmd": [0.03415745124220848, 0.013130702078342438, 0.052612561732530594, 0.32720068097114563], "wasserstein": [0.37538095591056997, 0.11975287652862386, 0.3987957143432528, 0.7370745939813343], "energy": [0.17925297878934657, 0.04753144013909913, 0.18593377859543764, 0.1814917790489759], "r2": [0.2663840055465698, -0.032239317893981934, -0.7573964595794678, -10.62302303314209], "weighted_wasserstein": [0.4359722683850698, 0.30913197205967646, 0.41694877338512115, 0.764923607435596]}