{"mmd": [0.25793126225471497, 0.03609776869416237, 0.03204825893044472, 0.07564442604780197, 0.17427583038806915], "wasserstein": [1.0452698198171346, 0.34229009463949633, 0.4651209118614855, 0.5681245229425621, 0.9976424072573371], "energy": [0.18593926890439463, 0.17570325017014163, 0.18325372652583266, 0.12854528636020887, 0.16147605171530563], "r2": [], "weighted_wasserstein": [0.6786568711808779, 0.34140685119328434, 0.482308074455902, 0.35359051750581194, 0.6201413510327329]}