{"mmd": [0.0359569750726223, 0.014372522942721844, 0.04885077476501465, 0.32690492272377014], "wasserstein": [0.3594987031982955, 0.12898543228885334, 0.38757603947330493, 0.7742996551539116], "energy": [0.18087959567369535, 0.04771821295298086, 0.18275310713445056, 0.20900762481391189], "r2": [0.24156337976455688, -0.027638792991638184, -0.6916701793670654, -9.486233711242676], "weighted_wasserstein": [0.43722035320268904, 0.3068756727246926, 0.4062453952275918, 0.8000938903676721]}