{"mmd": [0.3112730085849762, 0.03314105048775673, 0.028188206255435944, 0.04072988033294678, 0.2342890501022339], "wasserstein": [0.7903872421092597, 0.36557176318915735, 0.48140606036324585, 0.300222716154821, 0.8420171732195878], "energy": [0.1400330367065805, 0.18192901905312364, 0.2101896240650327, 0.06478246061668816, 0.14306128728214282], "r2": [], "weighted_wasserstein": [0.9349824899994212, 0.3694948630342085, 0.519748467351292, 0.3717986423017962, 0.9498958613145012]}