{"mmd": [0.03389175608754158, 0.014440491795539856, 0.04613129422068596, 0.3294680118560791], "wasserstein": [0.382538699441861, 0.16093766172659663, 0.3936352581795652, 0.6965342555504006], "energy": [0.18713775941101093, 0.05508489146007977, 0.18495795627128903, 0.18316804749856233], "r2": [0.25535035133361816, -0.03037548065185547, -0.682422399520874, -8.085941314697266], "weighted_wasserstein": [0.44550950183879834, 0.3369433717256042, 0.40960260113225605, 0.7200807204440197]}