{"mmd": [0.4013606309890747, 0.04690484330058098, 0.041174840182065964, 0.016205772757530212, 0.32434913516044617], "wasserstein": [0.5189228198473951, 0.3770495124684069, 0.4898391745335561, 0.10963412731480567, 0.6133266601858455], "energy": [0.13503933543097923, 0.17842431935068873, 0.2190593489582304, 0.046916375654973655, 0.1663190067115919], "r2": [], "weighted_wasserstein": [0.57694446653739, 0.3588530528925169, 0.475218401100974, 0.19288724951804642, 0.5529640485282513]}