{"mmd": [0.0471765510737896, 0.014709390699863434, 0.04196935519576073, 0.3284313678741455], "wasserstein": [0.39377223589885235, 0.14855680932250157, 0.38197287848991196, 0.5961400095940732], "energy": [0.18247637483647414, 0.05241070910290198, 0.18133491534236107, 0.1598345726083943], "r2": [0.31495964527130127, -0.0007312297821044922, -0.6128990650177002, -7.452713966369629], "weighted_wasserstein": [0.4407838120456028, 0.3243780737908215, 0.3988974742956842, 0.632318721921043]}