{"mmd": [0.34236598014831543, 0.03366405889391899, 0.029009781777858734, 0.027887417003512383, 0.27087733149528503], "wasserstein": [0.4832742691223355, 0.34967963112639605, 0.441731113686776, 0.16297743590595293, 0.5982727023271912], "energy": [0.12297405039048144, 0.17376948219064842, 0.19657850326298154, 0.05190962789815269, 0.17062646799313197], "r2": [], "weighted_wasserstein": [0.576058696542038, 0.3377935719693451, 0.4497564368750162, 0.16700008350495843, 0.6007507519199365]}