{"mmd": [0.03377821296453476, 0.013484492897987366, 0.053719986230134964, 0.32562020421028137], "wasserstein": [0.36584019073661217, 0.11471534036842154, 0.39283047686189165, 0.6632775296364539], "energy": [0.17678979087084032, 0.04474939095871825, 0.1839011629173326, 0.18897272443692884], "r2": [0.2500714063644409, -0.018041491508483887, -0.7739162445068359, -7.000974655151367], "weighted_wasserstein": [0.42316152661532724, 0.2973154244192588, 0.41370489834361107, 0.681476109838537]}