{"mmd": [0.37029337882995605, 0.03749245032668114, 0.03192233666777611, 0.027349522337317467, 0.28952333331108093], "wasserstein": [0.5228719989765301, 0.36555962102400336, 0.4614683373117042, 0.13244674042979984, 0.7732211595450607], "energy": [0.1315750116687083, 0.1781684620726884, 0.2163497956196797, 0.05614362127242967, 0.21817775081959687], "r2": [], "weighted_wasserstein": [0.6476974322288924, 0.36013713541395936, 0.5033223310443402, 0.1556414284539839, 0.7309287009061385]}