{"mmd": [0.03800341114401817, 0.00999585259705782, 0.04255154728889465, 0.3292798101902008], "wasserstein": [0.382925706910827, 0.13476541613224308, 0.381661946236327, 0.8293062498192773], "energy": [0.18466986245960734, 0.05433754842960944, 0.1806749306197452, 0.23509077114277882], "r2": [0.2545240521430969, 0.05602151155471802, -0.6092430353164673, -9.73725414276123], "weighted_wasserstein": [0.44177953197402053, 0.2966179853970369, 0.3990843386230043, 0.8525880190756654]}