{"mmd": [0.35454878211021423, 0.037896592170000076, 0.028890689834952354, 0.02327577956020832, 0.284381240606308], "wasserstein": [0.4634250909488368, 0.37211705523605015, 0.4590163918201135, 0.12989456604777347, 0.5980078918561011], "energy": [0.12165975940752312, 0.1800755940474203, 0.21065853856914188, 0.04452858647788061, 0.1640726091808809], "r2": [], "weighted_wasserstein": [0.5620690781841295, 0.3733454372448492, 0.5058548390462632, 0.21982227437965046, 0.5524350825543235]}