{"mmd": [0.03938720002770424, 0.011128272861242294, 0.044448334723711014, 0.32701289653778076], "wasserstein": [0.3908916737603311, 0.1363189930086924, 0.384090256986539, 0.6262294727466111], "energy": [0.18744853175011483, 0.051305705527611045, 0.18300931350717298, 0.16542208975574027], "r2": [0.2856522798538208, 0.024487972259521484, -0.6336822509765625, -7.476622581481934], "weighted_wasserstein": [0.4456597571612779, 0.31438689472895665, 0.40206752914805943, 0.6553650933075764]}