{"mmd": [0.3173997700214386, 0.032984666526317596, 0.02497081458568573, 0.03748617693781853, 0.23298029601573944], "wasserstein": [0.49902219425129807, 0.3604873935187371, 0.46054560038031794, 0.2375642443170381, 0.6353779940774015], "energy": [0.11083097508772934, 0.17907567279368164, 0.1971315007574171, 0.061701166483530814, 0.16316354605081204], "r2": [], "weighted_wasserstein": [0.5581484086006487, 0.366614765369072, 0.5056996756604176, 0.2760904078264744, 0.6076000478217003]}