{"mmd": [0.03361944481730461, 0.012474077753722668, 0.046600520610809326, 0.32787132263183594], "wasserstein": [0.3778049531283906, 0.14905216844419028, 0.39036040304861974, 0.7474348548926681], "energy": [0.1850960770073736, 0.050385389120445725, 0.18452810920749663, 0.20843826817751945], "r2": [0.2618139982223511, -0.003385782241821289, -0.6552878618240356, -8.498854637145996], "weighted_wasserstein": [0.4411963141392757, 0.3242818354109451, 0.4078454203101702, 0.7694278724840813]}