{"mmd": [0.37393999099731445, 0.04167388007044792, 0.035551007837057114, 0.01875104010105133, 0.2887105643749237], "wasserstein": [0.5400941963426179, 0.3637876629097683, 0.4966322024652937, 0.11959353137647416, 0.7379958470037943], "energy": [0.13510684952759824, 0.17229507591666984, 0.21971322724073428, 0.043589170873855804, 0.190767740419682], "r2": [], "weighted_wasserstein": [0.6684273561494601, 0.37052140346675827, 0.49660583644320727, 0.15561976193237317, 0.706944056262283]}