{"mmd": [0.043266210705041885, 0.010886956937611103, 0.041343268007040024, 0.322101354598999], "wasserstein": [0.3825515967057184, 0.1435967709341056, 0.3810161633885001, 0.7650042248393536], "energy": [0.1777078556613391, 0.0522685777606545, 0.18151509719564057, 0.19973236980098047], "r2": [0.285793662071228, 0.035757482051849365, -0.6178339719772339, -9.660356521606445], "weighted_wasserstein": [0.43614971290089566, 0.3175300801911816, 0.3993356433320877, 0.7852173992824636]}