{"mmd": [0.4040898084640503, 0.05082029104232788, 0.051219627261161804, 0.016148129478096962, 0.3152579963207245], "wasserstein": [0.5406706662391426, 0.38348127127348897, 0.5308691672278824, 0.12894476746073066, 0.7780995369450668], "energy": [0.1372879353152345, 0.17369211202552662, 0.22896930123893883, 0.057653061237347994, 0.20867435048451874], "r2": [], "weighted_wasserstein": [0.52600266916317, 0.35732151043229105, 0.4766894711997296, 0.1638677091598525, 0.7021345692124623]}