{"mmd": [0.05246898531913757, 0.010414511896669865, 0.039673902094364166, 0.3284055292606354], "wasserstein": [0.39950253643801287, 0.1386803129031588, 0.3690183829480448, 0.7547799777855235], "energy": [0.18022342000362004, 0.05022727462364977, 0.1778450125928936, 0.20068784385574717], "r2": [0.3352676033973694, 0.06304585933685303, -0.5899064540863037, -9.402965545654297], "weighted_wasserstein": [0.4412752285498168, 0.2987196406871577, 0.38755233107622333, 0.7818166259528829]}