{"mmd": [0.34393659234046936, 0.03609030693769455, 0.028983935713768005, 0.02725636400282383, 0.2640185058116913], "wasserstein": [0.4662519946573912, 0.36335502069992065, 0.48725982776450366, 0.1591288245621334, 0.727074099659359], "energy": [0.12031814697626804, 0.17727030385202294, 0.21052438348165275, 0.050181924934513594, 0.18766377629373132], "r2": [], "weighted_wasserstein": [0.6574004756162365, 0.35537638450786, 0.4878263341143808, 0.191331171036859, 0.6466988090008193]}