{"mmd": [0.03684733435511589, 0.011643335223197937, 0.049540597945451736, 0.3252497613430023], "wasserstein": [0.3804823181224627, 0.1460406532184112, 0.39052920465092206, 0.8035778569933097], "energy": [0.18123841777820124, 0.052182977027303415, 0.18554857861600774, 0.21527680001812002], "r2": [0.263208270072937, 0.022117435932159424, -0.7384430170059204, -8.857468605041504], "weighted_wasserstein": [0.43530771653554035, 0.3207452619426576, 0.41215058313247666, 0.8187496209046001]}