{"mmd": [0.3412276804447174, 0.03442952781915665, 0.03033646009862423, 0.03540681675076485, 0.2778518497943878], "wasserstein": [0.4765752885650657, 0.354981466062823, 0.44359681275106766, 0.18389459666750907, 0.6317749295136039], "energy": [0.1125531171003739, 0.17551136125499534, 0.2096915288618224, 0.050283007590755324, 0.17019467424194126], "r2": [], "weighted_wasserstein": [0.6927626179984423, 0.3564517834983146, 0.4931768999268363, 0.3781321864806938, 0.6278169338738621]}