{"mmd": [0.03573782742023468, 0.013137337751686573, 0.0438639260828495, 0.32970336079597473], "wasserstein": [0.3727126738658775, 0.13339376055449617, 0.3891471349609443, 0.7271151388975772], "energy": [0.18191140825338092, 0.049667657152465086, 0.18380984726193883, 0.20764477554382182], "r2": [0.25478923320770264, 0.007007777690887451, -0.637791633605957, -7.567349433898926], "weighted_wasserstein": [0.43731680427706227, 0.31191084268740316, 0.4073431845665489, 0.7474009530399861]}